feature	control	acpa_neg	acpa_pos
A1BG	1044.125989582573	1032.8205295135833	1022.7334722217602
AAK1	3364.5086718763437	2379.6737500000104	2547.4241232640525
AARS	1134.0063368053952	1140.749843749094	1174.0912499991875
ABCF1	1065.0576302080417	1064.9682899297186	1128.9120659717294
ABCF3	1698.0130989567713	1519.4476302080095	1656.358194444552
ABI1	825.0970833329479	804.1455729165416	827.3354513889687
ABL2	1984.5311545143234	1970.0227083337393	2092.2624479165415
ABT1	1628.0858420130728	1610.610069444645	1574.388307291208
ACAT2	1381.8534635408541	1273.7355555555628	1206.288784722083
ACPP	640.0792100692709	654.5270138889374	606.0869357637292
ACRBP	1291.234470486146	1392.5487586802192	1242.1620920130938
ACSL6	1028.0552864581975	1036.8081857640727	1089.4340451388744
ACTA1	863.471128472323	834.5755121523331	874.7256510415624
ACTB	1280.5563368052185	1310.7347829861455	1244.0287673613648
ACTL7B	1463.2989149301773	1488.4785156247815	1512.4285763886246
ACTL8	1027.6429947908957	990.6834114578958	1058.136267361354
ACTR2	1558.8673437498956	1510.6539149304685	1634.736171874198
ACVR1	1143.6468142362498	1163.0825954856243	1149.6504513879372
ACVR1C	1181.8529774303026	1168.965460068781	1195.4519357632496
ACVR2A	999.5732204854793	1276.29838541624	946.3266319441768
ADAM2	1716.613559028875	1645.0243229168752	1679.2786718749269
ADAM29	981.5613628471563	963.3120052083751	944.675347221781
ADCK1	960.0616579856044	947.1229340276458	968.5147829855522
ADD1	1662.8529947912396	1631.625373263323	1709.7724045132916
ADSL	1184.5976909722085	1164.1298437504165	1125.9791666670726
AFF4	2507.1593055550934	3001.110112847084	3255.6806423619146
AFP	1256.6769010413334	1293.6091579858958	1236.344869790354
AGR2	1597.8762934029908	1545.0999045137812	1570.783376736094
AHSG	1220.7252690966875	1291.0268055559063	1210.993602429656
AICDA	1182.340546874593	1191.4534982634889	1170.1374131940197
AIF1	1020.9225607632395	1011.8134461803019	983.7076128476248
AIFM2	799.5690451389896	801.439227430177	779.2472135414478
AIFM3	1105.163515624698	1094.236197916135	1094.567821180895
AIM2	1022.8491579863859	1036.9198524296246	1020.0341840262815
AK1	1025.0394097218436	983.596250000229	911.3370746532707
AK2	1489.9311371524686	1469.976866318698	1838.8597569435738
AK3	1718.1375434016254	1510.1757986106875	1490.2898003468238
AK4	1183.0199739580098	1207.6970572916669	1101.666631943875
AK7	1148.3302170138538	1091.5090277769893	1195.9773177085308
AK9	1432.7615624993653	1460.838576388386	1432.899053818645
AKAP3	1663.124427083011	1537.3278559024996	1540.85597222199
AKAP4	1228.0713715270838	1237.8533159723336	1206.8744444431775
AKT1	275.0006423609083	275.46895833340614	294.6702951386781
AKT3	728.9010156251666	717.1377430551563	730.06146701375
ALDOA	1440.4380642359793	1378.5085937502292	1202.142517361073
ALOX15	1442.3419965277503	1465.044453125156	1451.8633506945623
ALOX15B	1455.2522916661987	1444.5037760409787	1407.559895832771
ALPK1	962.9813454864374	945.9937586801667	969.5869704853438
ALX1	1712.1856857646153	1536.7967621530934	1779.288498264729
AMD1	336.1513715280094	323.3300347222542	379.5578125001428
AMOTL2	3006.9684288196036	3252.7538020830625	2691.043723958334
AMT	1274.6071701383546	1297.1959114588437	1299.9340798613127
ANKRD13A	873.5614583332917	858.9243489580625	876.0208854168646
ANKRD45	1531.9057031240004	1360.4754253468652	1254.226345485135
ANXA1	1003.667204860979	1003.5385243046773	1007.2446180552606
ANXA11	1135.1310850695315	1165.94060763875	1177.9263628467609
ANXA2	1144.3910503471873	1101.6032638883432	1109.3425868057188
AP2M1	1334.609244791792	1352.0405902774162	1397.8336458339688
APCS	1647.8697656247707	1740.2795920142294	1623.3142274307713
APEX1	1279.3789930557393	1241.910755208865	1296.5861197914273
API5	1964.0334288186045	2003.8480815970943	1889.293038194489
APOBEC3G	2219.571901041906	2231.483914930313	2082.326501736198
APP	1073.1573611103745	1028.885034721636	1075.02852430525
APPL1	1087.8677083328646	1091.5737847222185	1199.789982639344
AR	1249.5462326390518	1218.068880208228	1243.9900260405834
ARAF	892.4049218747917	888.962013888531	951.397421874823
AREG	1849.730807291937	1786.498272568594	1640.9402256956773
ARHGDIA	317.273559027825	335.8709895832386	335.9929166665772
ARHGDIB	920.2466232637706	920.6721961798646	888.9285416658334
ARHGDIG	543.1146527780229	549.6177777775208	531.3766840272147
ARIH2	1153.7596354152915	1080.5018055543962	2728.988541667584
ARL1	875.8579340278435	922.4184722215622	831.4214496528023
ARMC3	1051.4578732631358	1011.5252256939267	1041.0792881936984
ARNT	1206.8912673605316	1215.2622916667085	1300.5962152776146
ARRB1	797.8053038192606	761.0485590280417	831.5550868058228
ARX	1666.1194878467813	1629.1795659714992	1688.8983420140314
ASB1	878.5902690972499	894.4293489584687	862.1895138887709
ASCL1	5147.01391492948	5513.687395829585	5090.753576390686
ASNA1	691.9995659717292	1058.653203125229	1245.7192795137717
ASPSCR1	1131.77973958299	1147.3925260419169	1155.1348611107085
ATF1	953.2011631935417	952.8472916664791	959.0878211800833
ATF2	2139.2476302088435	2109.6278819440413	2227.2746354165934
ATF3	1205.4428385416566	1198.4290190970837	1258.072612846687
ATF4	930.5320052078853	933.8211111110103	932.3264409725207
ATF5	1415.7118749993642	1371.5845659715317	1470.811128472334
ATG12	715.803203124052	699.4769010406666	692.5834982630624
ATG7	1118.1098871522504	1106.6346093744996	1092.614609375031
ATIC	826.3306336798124	811.7114583330937	847.6411979163647
ATP5B	1292.2484809026976	1275.3810329860837	1375.441171873657
ATXN3	1216.3939756948225	1204.885312500083	1116.0146701384997
AURKA	314.8447656250376	318.0049218750147	353.3078298611416
AURKB	891.4734374997603	902.0511979162917	936.8154427079061
AXIN1	1177.8052170139165	1171.4561979158957	1169.7357725689264
AXL_int	1550.4914236110728	1496.0147135425002	1534.6240451390106
BACH1	1800.4467881941052	1599.4465277774684	1698.058949651459
BAD	505.6763715271376	513.6591666663167	504.5157204862917
BAG3	916.6702343751665	915.1471614575105	912.7380555555729
BAG4	1346.6646527765736	1501.186874999677	1388.1705468739797
BAGE2	543.249904513552	549.207907986225	524.0715451388688
BANK1	1747.1956684009588	1485.686354166062	2169.144913194572
BASP1	551.1124999997917	546.99793402825	564.8501475688541
BATF	5517.643914931312	4341.884045139313	4800.100815972792
BCKDK	1400.4470486108328	1400.2936197917188	1427.9781076378226
BCL10	2804.03066840224	2909.131284721104	2114.3105121526037
BCL2A1	872.61631944375	880.822378472073	892.9156510415729
BCL2L14	1531.548281250062	1609.467369791156	1413.7839496525937
BDNF	1019.5174218753224	1027.5318402773646	1050.4064670133637
BID	1583.0209288186668	1556.468376735885	1550.0722569441768
BIRC2	785.9634982634897	799.336961805177	842.8702690971978
BIRC3	977.8581336798542	1011.5842621523226	1009.1212586808019
BIRC5	668.9027517360521	647.6566666665417	641.0060329858334
BIRC7	1700.4114583341245	1892.5359201389583	1622.4080902778019
BLK	308.1320572917189	317.28262152756474	339.14606770844387
BLZF1	1337.5812065970626	1292.0604340274167	1339.1135850687508
BMP7	1039.044435763395	1069.50899305575	1089.554262151635
BMPR1A	1135.2897743054893	1147.3054166660313	1221.7097222226864
BMPR1B	1004.6628819447186	1003.198116319885	983.5599218748744
BMPR2	482.3911284718105	479.899557291475	473.1477604163667
BMX	1035.4817187501874	886.0018749997082	987.6787326383021
BOLA3	938.3203472218643	943.6513281249269	934.2230642357707
BOP1	1186.1681249995202	1209.617925346854	1216.748263888594
BPI	1355.7144965275522	1301.1991753464795	1267.0502430554898
BPIFA1	759.7074652780728	741.6712152776562	713.2485763893125
BRAF	1197.8558940964995	1172.8535590260728	1177.9497743047807
BRD2	748.4509114579479	769.0102256943437	720.6109635412499
BRD3	1326.770815971667	1515.2295920132306	1356.0744010420105
BRD8	1571.6541319448124	1512.6096527780837	1717.1971527781975
BRDT	1322.9766753467609	1275.3349565976043	1279.1437673605212
BRSK1	833.8176736107396	841.6140190973332	858.8137152777292
BRSK2	1612.9666319444786	1624.6967708335312	1722.597092013938
BTF3	3212.797699652864	3202.01491319423	3436.3774826388117
BTG1	639.6408159721041	623.9034548611354	641.7311892353855
BTG3	1637.574930555521	1675.5189236104168	1657.701423610761
BTRC	1110.7153385414683	1134.8444531246153	1175.940902778042
BUB1	1468.9869184030624	1482.639305554886	1402.771666666333
BUB1B	1445.199687499927	1482.3071267364276	1412.944175346562
BUD31	2553.746822917167	1820.9017274304065	1857.847638888417
C1D	1305.921067708041	1291.071753471907	1247.5875260408743
C1orf174	2031.1600347223439	1951.3640711800108	1909.3823958329278
C1orf216	1903.2061284718018	1819.5239930563334	1803.5793836808957
C21orf2	1180.3588888887916	1243.5865190968227	1080.6763107637605
C21orf33	1073.9173784717816	1018.995659721552	963.3589236115415
C4BPA	1178.0433333335625	1215.4373784716458	1187.2158940969477
C6	619.134869791427	621.7490972226145	614.3832378467083
C6orf106	2069.051631943834	1882.633420138677	1752.155607638
CA1	1393.8283420137193	1391.6510937507712	1439.580425346312
CA4	1051.9452343745618	1052.5670399305727	961.1955034723746
CA9	955.7229166665	936.0842795136873	906.2469184025312
CAB39L	1032.2268315967287	1016.9507031245215	1108.5367534726454
CABYR	1083.9314670130625	1120.0759201384271	1006.2213107633848
CAGE1	1826.522968750605	1815.2115104166562	1731.5614843754172
CALM2	857.700147569198	900.6491666663646	922.518359374625
CALM3	1386.9598958332813	1226.6365711807284	1252.6167534723436
CALML4	1288.6207291663113	1289.2057291655735	1299.1970920131762
CALR	1045.4779861112393	1045.2651909718543	1027.0013454854068
CALR3	1186.0336805554273	1170.2064843751248	1161.538168402625
CALU	1194.4225868040835	1234.091319443792	1217.7898784717183
CAMK1	1107.7568576388128	1064.885512152562	1055.9409374997392
CAMK1G	2316.3867100696884	2288.1609548617294	2304.702378472469
CAMK2A	1280.477499999802	1251.917092013084	1253.3509374994271
CAMK2B	1398.9966666678126	1364.6893315969176	1386.1678124997609
CAMK2D	1225.4897135416256	1201.0121354167811	1197.3791840274268
CAMK2G	4707.543958332646	4328.121215277501	5831.78696180675
CAMK4	1558.6402604157186	1378.0121093747605	1416.5600347224902
CAMKK1	1986.492690971448	2021.941137153042	1888.7657031248123
CAMKK2	2037.95687500025	2138.307847222281	1975.0069010417187
CAMKV	911.784010416073	912.701206597104	926.1226736101563
CAPG	951.207187499448	939.121744791625	926.500164929864
CARD8	1173.2228125005006	1177.5061979166667	1146.0875607639475
CARD9	5708.981510412086	6375.004756943335	7029.655815972917
CARHSP1	1187.685755208551	1221.488090277698	1144.1410590271043
CASP1	974.8578038196147	1001.2538107637185	969.0814149307599
CASP10	516.5248958335521	517.2070833334167	509.9222656248854
CASP3	1221.5073611104376	1179.7144357630516	1191.7216059026346
CASP4	970.8394531247808	958.5808680547708	994.5794791673019
CASP6	1364.9666319443959	1311.2148003469688	1437.615373261417
CASP9	749.5774045137708	728.1221701385416	751.8842621530208
CASS4	2512.247569444822	2800.950633679677	2609.515711805761
CBFA2T3	1520.2135850687812	2893.0912499989595	1647.1196527788434
CBFB	1482.9767621531876	675.1540711806355	749.2539843750938
CBLC	1050.2422309021877	1018.41581597201	988.4665798607397
CBX5	1310.2432378460835	1104.7965972218333	1324.3117187502705
CCDC110	2006.6146961803845	1942.6699479166975	1961.572578124521
CCDC183	1800.8455381941571	1592.400668402656	1598.764730902854
CCDC33	1133.0326041662288	1105.1126475695105	1178.2728298611457
CCDC36	1310.810815972354	1248.6316145831252	1306.27003472175
CCM2	1821.960017360937	1817.2804861114273	1740.2884809033226
CCNA1	1178.9718663189267	1158.6503385407395	1138.7852343748532
CCNA2	1144.0390190974167	1090.5323350696044	1069.7533680552192
CCNB1	708.7854513894271	1112.10040798498	714.9452343747812
CCNB1IP1	723.8445572912708	705.9524739581979	703.8434461802811
CCND1	1235.3422048606883	1303.6256597224485	1258.64177951377
CCND2	1491.0608854171774	1480.211406250052	1533.328342015105
CCNH	1818.4490017356147	1744.5363802077086	1899.0749999997295
CCNI	1556.645451388542	1563.7874739592082	1628.508159722521
CCR5	926.3716666662498	885.2934635416148	923.8871006950728
CCT3	1057.9387499991353	1032.5844618050312	1081.5271961801147
CCT5	1006.240581597104	1006.6762934022917	1018.5219357634372
CD276	812.7703819446772	790.4938194446563	761.904548610875
CD5L	1599.4495572912815	1682.6381770826042	1545.1074218750634
CD96	1559.3758159718543	1563.386041666792	1597.3319965275002
CDC20	1589.9558593742906	1596.0397656242287	1703.599088542094
CDC25A	1287.190798611062	1252.9650173606146	1325.458489582729
CDC25C	944.8434895822085	920.69910590225	959.4360850685832
CDC42	1005.0550520835101	939.5019965274686	961.6417795144686
CDH19	1411.358072916917	1461.9625954859582	1346.289635416542
CDK1	1244.6845399308645	1303.5180034721673	1314.0289236106873
CDK10	1571.3935069447186	1587.222074652885	1593.2402430551256
CDK11B	1624.9119010415313	1778.5655295139486	1650.6752864580938
CDK14	2216.2847743063753	1661.1455295136655	1793.8645399310415
CDK16	2138.1969444446668	2040.7375347218958	2633.3754079861155
CDK17	1421.7781423606668	1395.7968836809687	1422.7500954861457
CDK18	1352.2632031237608	1366.4857465272823	1411.4541493054903
CDK19	1986.3722309023024	2267.0252604176353	2348.593168403145
CDK2	2099.6332204865835	2283.49186631949	2109.5398611113233
CDK20	1408.3353472217607	1413.448940972396	1424.643211804979
CDK3	1670.8483420134999	1724.0905642363543	1577.1987760408747
CDK4	955.2307638887709	969.768368055469	994.8826302077603
CDK5	1585.2871701384483	1683.9548524305933	1623.2066319441042
CDK5R1	773.3504079864687	773.2399999998021	765.8386631948124
CDK7	882.3556250004061	878.824340277125	948.4907031244271
CDK8	1084.164175346021	1063.0336284723019	1083.0683159717287
CDK9	800.5389409721771	790.5788194448542	845.2879687496561
CDKN1A	1538.0451215270834	1569.904947915792	1521.1612413197922
CDKN2A	2580.0967013898853	2595.65265624977	2511.759053819385
CDKN2B	1588.0770399299793	1602.1436979164162	1552.1723784719582
CDKN2C	951.5961979161668	945.0531250003853	927.3465625001147
CDKN2D	1674.9498524299895	1548.8329513884062	1714.9590104158015
CDO1	1099.0504947916045	1042.8005121525412	1062.3042187499693
CEACAM1	1077.5886805546038	1081.437734374573	1056.5918055546765
CEACAM7	1038.3419618054893	1068.690954860885	961.462118055094
CEACAM8	1389.6824218746142	1466.6832378470735	1315.977395833052
CEBPG	1096.7319184025828	1077.2654253473227	1089.8010590266351
CEP55	1592.7921093749062	1728.4686718755515	1487.4122569451872
CERS2	739.1781076389166	684.8408593751977	764.7224652773439
CFL1	1131.8264236108432	1129.3549131946047	1157.8896788193128
CHEK1	1502.5281423608335	1643.7635156250622	1958.7026822909381
CHEK2	1447.029644097802	1613.042873263781	1504.4578732638745
CHI3L1	1012.177855902312	981.6602343746357	999.7967534712504
CHIC2	500.1446267359835	483.8433420136063	481.19650173649995
CHMP3	1160.6634374994057	1150.558298611385	1149.402170138042
CHN1	735.2004427083436	670.590407985479	693.3925173609167
CHST4	1085.0962239579062	1088.3193836804057	1099.8033159716247
CIDEB	2553.557170138729	2490.771302083604	2708.5189149311454
CIDEC	1017.2046267363015	1030.4751302080826	1026.9193142360418
CISH	918.852986110677	910.6251302083745	966.1110937498751
CITED1	3352.752447916334	2960.372013889104	3222.09743923623
CKB	1731.8418142356563	1769.5563020839897	1694.3820659719474
CKM	1066.1364583325728	1069.3191579857082	1021.9692534720621
CKMT2	1222.5094618055625	1259.2679340276354	1201.3123784715726
CKS1B	1638.586406249334	1516.8579340278338	1735.8390017359477
CLK1	892.0089496522709	951.2160763885313	985.5073090270938
CLK2	726.3442447919062	729.0423003469896	745.3026128471874
CLK3	2271.8444270827613	2322.9845052070004	2133.8505295136465
CLUAP1	986.4952604161464	1021.5523871532505	982.2753645826248
CMC4	982.5905902775417	974.5300781248541	967.8909114577604
CMPK1	1010.9559288184063	987.0495138885001	977.6015624993543
CNN1	1759.9881423614477	1901.3652951372399	1682.594409723021
CNOT2	2673.9060243043846	2471.3135503472913	2490.7413715275934
CNOT8	2175.2363107646765	2304.305963541729	2261.7875000005934
CNOT9	1961.1876388890514	1953.148958333229	1776.8685243058233
CNRIP1	1664.4336458333546	1609.970842013166	1562.1834461801554
COL4A3BP	1350.4144878468333	1136.796840277406	1146.936232638698
COMMD3	1724.1270312498546	1861.274739582834	1570.7906249993114
COPG2	1585.7169444449892	1605.370703125156	1620.9899218737498
COPS6	1648.1722916661042	1725.2723871532082	1807.1171440970534
COQ8A	1501.918984376187	1480.3735763890727	1553.095416665636
COQ8B	2151.6170138890734	2184.3862152788442	2238.5687760417395
COTL1	1163.3318489578228	1150.1323177077081	1134.1987152771462
COX6B2	814.8230295136667	822.1343315972497	814.15499999975
COX6C	454.10654513868843	459.4757638886136	466.4948871526759
CPA4	618.140477430677	602.2430902771979	608.2841319447083
CPM	1238.571605902604	1259.3845572919683	1223.8243923607602
CPXCR1	214.694236110925	225.22499999978547	233.84161458306468
CRADD	2643.780581597437	2978.994522569167	2381.172465276709
CREB1	846.0544357644168	845.5075260416563	852.7173784722501
CREB5	1017.7999913184998	1018.947369790792	1028.5592100694894
CRISP2	2628.837508680604	2804.477526041615	2379.9109114581142
CROT	1711.967265624813	1703.2967881940733	1767.778255208438
CRX	1658.3196527775513	1579.127534722063	1673.6318142362088
CRYAB	4926.951458334499	4915.756067707771	3717.818246526699
CSAG1	537.8313194445344	530.8611979159125	551.0352083331146
CSAG2	1140.4892361107604	1125.0894357634693	1146.1968315966976
CSK	1770.4740364568866	1783.4631249990625	1676.9687500005004
CSNK1D	801.1396093748855	814.1579340273855	846.634869791698
CSNK1G1	1009.8873177086352	1016.8809201387394	1050.651249999896
CSNK1G2	965.3128124994691	968.1035156248854	1044.3057465274057
CSNK2A1	2339.125095485833	1943.2831597224485	2777.861588541291
CSNK2A2	1265.8732031246034	1228.0834375001248	1447.0684722226144
CSRNP1	1392.4830989585203	1432.544739584094	1378.0297743059793
CST4	1033.5239409716876	1021.2032552073642	999.3031336800732
CSTB	712.1989583328229	697.8241145832083	681.7969878468957
CT45A1	678.6435416659854	620.7530815970313	676.539487847521
CT47A1	3264.9575086809573	4007.1057552074767	3271.2960763870624
CT55	944.188515624896	939.2211892360624	892.2985590280106
CT62	2285.252395834166	2326.632786458229	2163.21546875052
CT83	768.04854166625	768.7466927079271	741.1285156245939
CTAG1A	1735.1233333335006	2335.7192447920834	1627.5651128470838
CTAG2	1875.7065711803127	1985.6352604170738	1878.2788281258747
CTAGE1	957.0970746517495	967.4705034722083	945.2011024300725
CTAGE5	1248.1791927087813	1234.2072048601979	1220.0232986113335
CTBP2	1407.111388888094	1523.8816579861566	1321.1960243060942
CTCFL	1368.1120399305107	1351.9014409719166	1350.398593749489
CTNNA2	1023.859123263896	1080.4676215270206	1048.7027430550943
CTNNB1	1747.777578124531	1656.2748350693232	1753.0076041662605
CTNNBL1	1450.0966579855833	1488.4660069450726	1420.0321701388543
CTSD	870.5944791662711	897.236831597448	829.4014409720937
CTSE	1090.8103732645309	1119.7942187493647	1056.5394965275727
CTTN	1336.2548263883857	1301.261727429823	1343.1477430553125
CUL4A	1183.9108854162807	1184.4811371523858	1173.404184026875
CUL5	795.7651041664062	804.689105902302	801.3481336806875
CWC27	1892.1885156245316	1908.962126735594	1711.983298611104
CXCR2	830.5991232638229	822.7859201388438	812.1500868052187
CXCR4	939.276493055104	948.1104861106872	941.419166666656
CXCR6	586.7553819442292	580.5364409722188	596.1290798606875
CXXC1	1377.262473958532	1331.0218489588017	1462.868046874386
CYCS	1496.5603732628338	1452.2875607632825	1430.5194791665315
CYLD	591.8599392357187	579.9604253470312	608.0658506948333
CYP1B1	1246.7955468741773	1211.4505989580416	1242.185746526948
DAPK1	1329.903767360865	1292.147404512385	1295.4467534720623
DAPK2	1336.6651649300627	1336.4790798606248	1348.922361111136
DBNL	1330.307430554812	1364.1428038189893	1450.2739583316145
DCAF12	1648.5544618050212	1541.2613368047703	1620.0452604166878
DCBLD2	1015.1652864578953	980.6489670144375	1005.5253298615722
DCDC2	1496.1895920137085	1463.9453559020621	1398.0623871523333
DCLK1	946.723420139239	929.5631163196665	908.4495399299688
DCLK2	1856.4921006945106	1875.789366319427	2003.4987847221778
DCT	1094.8578385406354	1115.4720486108754	1023.224670139261
DDB1	718.3551475703125	690.0516232634271	732.411111111
DDB2	707.9828645834166	720.6592187505415	741.1376562498021
DDIT3	1531.0166406243961	1553.733420137948	1822.5321006938225
DDR1	876.1791840278332	883.1995572911873	873.1203211806042
DDR1_ext	1591.4231249992924	1572.6213715281358	1561.2442621525627
DDR1_int	1631.1397743052498	1593.5794357636455	1707.0877343745935
DDX43	1865.111553818792	1746.6923611112297	1844.0458854165
DDX5	965.7975520831245	927.4733420130002	967.4371961803129
DDX53	1076.6653038203644	1382.9076041665533	1082.6950607634278
DDX55	1508.8180468749795	1486.170894097209	1493.2558072913855
DEDD	896.201119791646	901.3429861109372	884.1129166666251
DEK	464.19160590230837	469.45021701303335	479.56465277742916
DFFA	2122.270295138708	1946.2338541665213	1983.2576215272923
DGKA	1160.7379253467607	1123.9337413185315	1191.1003993056977
DGUOK	1387.600954860739	1380.5483767363748	1323.2002430554166
DKK1	1395.9441493048328	1451.6729340282295	1349.0420138888228
DKKL1	961.2354600694586	942.2647569438435	953.6691840272497
DLX1	1525.9744618061047	1459.7305468747602	1554.6455815971353
DLX3	1686.5560156250003	1702.4433159717912	1758.8685329872499
DLX4	1325.2342968738642	1252.0992968743856	1387.3316666663857
DMAP1	1167.1892968744169	1147.8449739575315	1223.6046614582194
DMPK	2221.775815971719	2274.911302083051	2612.924574652832
DMRTB1	4198.1296006936345	3996.720963541562	3919.4440364590737
DMRTC2	1538.797864582854	1507.84344617999	1504.1037760413756
DNAJA1	1076.1968576386146	1053.664574652271	1165.46164930526
DNAJA2	1444.3225868045624	1474.852855902302	1293.505269096615
DNAJB1	1103.5695486108957	1079.3521527772602	1081.2176128469796
DNM1L	1146.891762152927	1124.306892361094	1147.5179253469066
DNM2	1008.6436545134371	1017.2047829862498	951.2021614579894
DNMT3L	3108.2646267360415	3341.880217014248	2964.160112847437
DNTT	1452.1972309029998	1452.8466406256985	1479.3302864588331
DPF2	1110.0914756935517	1091.1313020831249	1115.1039756936457
DPPA2	2150.3872656256567	2149.028524305656	2208.2749479158642
DR1	1185.151701389177	1199.7323871524995	1159.2203819439376
DRD2	905.8955381938334	883.9618749995625	904.8155815966771
DSTYK	1080.9197743051977	1096.101475694	1087.4687673605417
DTYMK	1392.4943923607395	1336.6790017369165	1352.4495920137608
DUSP10	1177.5990364573015	1224.710512152334	1235.155685763541
DUSP11	1162.2092013883334	1162.999079861177	1133.7449739583228
DUSP12	1374.8476996524475	1357.4098090274897	1290.2564670136053
DUSP13	1077.9059982625101	1079.441614583104	1051.607404513271
DUSP14	1011.3281423611663	974.011085068615	1030.3614236103851
DUSP18	1779.0702170138118	1823.257022570094	1750.1167361108437
DUSP4	1053.1736284716042	1051.0397309022283	1018.1058506940934
DUSP6	1844.780355903072	1842.0053559028024	1780.207760416479
DVL2	1521.0034635413654	1877.9856163199063	1617.8284114580208
DXO	815.0530555556459	808.9662152774479	802.3924913188752
DYNC1LI2	1134.616979166427	1128.5922135413018	1133.4259461804895
DYRK2	812.645711805323	794.8093663196562	812.682022569729
DYRK3	1779.8870399307286	1665.45678819399	1718.8347309028236
DYRK4	1252.2473784719164	1242.0658767363852	1216.0430034709577
E2F6	2453.3779253465414	2543.683463542052	2481.8116145830195
E6	1761.7395486114785	999.8243142353441	1029.740842013125
E7	2148.564913194187	1499.463680555479	1974.7626822903128
EAPP	2906.1610156247607	1928.3179079856875	2020.5045225693439
ECI2	940.4225781256666	901.2511892361666	881.5036718739686
EEF1A1	973.1306770835522	974.228940972	1014.2319704849473
EEF1A2	1123.248246527073	1104.2689930550937	1140.6781249991568
EEF1D	3093.120659722646	2986.4538715283857	3254.3255642357085
EEF1G	2734.822499998542	2814.012222222031	2608.7443663193853
EEF2K	717.5866840281667	711.0743489585728	732.5539583331146
EFHD2	1505.3821961802403	1359.1614322910623	1337.7179427084786
EFS	1212.7622569447917	1179.3763975690097	1165.5643576384896
EGFR_ext	1422.8323350691142	1402.2938802085523	1401.1938975690932
EGFR_int	1933.8241753478958	1953.8648177082298	1932.63499999999
EGR2	831.1751822913542	822.8093229165416	867.2995659720417
EHF	2623.28089409599	2475.0671788197496	2716.010859374656
EHMT2	1257.0451215275523	1284.4677083337185	1277.2069965274065
EIF4A2	712.6156857644271	714.231423611	728.4660156241249
EIF4A3	994.7337500001669	986.4736284710517	971.7655468740728
EIF4E	1554.7893315968229	1504.3079861115518	1627.1295486109063
EIF4EBP1	1319.7342274303844	1229.499036458104	1301.4038888878542
ELF1	3597.3151909716885	3046.340868055271	3418.253506943709
ELF2	1468.614140624823	1394.8608940971665	1567.4735503473544
ELF4	1387.170286458625	1460.672213541635	1546.495512152813
ELF5	1546.3300000003344	1443.4702170138648	1550.3033246524994
ELK1	2690.400868055614	2671.964652778323	2673.815442707958
ELK3	1250.6512152776877	1248.7726909718956	1307.1161979164171
ELL3	2096.554904513385	2146.8415972234175	2183.162821181802
ELMOD1	1793.5744618055105	1776.7264322922397	1769.2451128477499
ELMOD3	949.8940711800417	942.4540104160417	935.1303298611143
ELOA	1468.5626388894275	1437.5810416656873	1560.4047569445322
ELOVL4	1716.6974392363754	1743.415885416354	1612.2531423609264
ENO1	1107.8083072909585	1108.103463541781	1061.698793402375
ENO2	1223.724600694187	1085.8335763891562	1153.238680555416
EPAS1	1495.6807986106878	1554.7092708322807	1495.9275781241975
EPCAM	1550.1412847226982	1713.9472829858128	1353.7187760427812
EPHA10	1266.5680989580728	1373.4705295139895	1426.1969444437602
EPHA2	769.3324392356354	765.4930208334687	729.2011545140583
EPHA3_ext	728.9370572916458	718.9635243054792	718.5616406247917
EPHB3_int	1446.1942621526146	1378.115954861031	1446.795920139063
EPHB4	1163.7317621528537	1196.304696180135	1194.7274999997599
EPPIN	1317.2658072916358	1586.731171875427	1246.97488715299
EPS15	2789.391067708677	2569.0844444443014	3272.3348437484274
ERBB2	1062.5281684024276	1041.726510416489	1006.1262065971559
ERBB3_ext	2094.0065711802504	2011.4633159725945	2172.5561371537083
ERBB3_int	2686.1091840270315	2574.5515625003027	2723.0467708338947
ERCC2	727.8219444445001	724.0280034718332	770.5879166670104
ERCC3	898.5592708325938	900.1855295135836	963.406145833469
ERCC5	778.8094965274374	816.5554687500729	821.8328645833228
ERG	1015.388854166479	1000.9970746521253	1006.6769097219684
ESR2	1276.8301562499894	1247.3354513880722	1395.3710763886247
ESRRG	1399.1142968747497	1408.7124045135315	1376.4466059022911
ETNK2	946.8545399305832	916.6092708325104	943.7791493057189
ETS2	1485.2992534724376	1640.6656249998853	1470.2490277778124
ETV4	1552.8097656251048	1665.7949045138228	1495.1165364581038
ETV6	1334.362447916406	1413.177256943979	1450.5506944450835
ETV7	1659.0520225692605	1669.5385156243856	1751.1671093747398
EWSR1	782.2451215275833	797.7823611115105	810.5310416662709
EXOSC10	1271.0238715272817	1326.4585590276458	1322.5677430549376
EXOSC4	1411.5259982638227	1464.4481510411872	1423.2580815985316
EXOSC8	1125.7190017355208	1092.225104165906	1104.2069270826985
EXT1	820.0274826384792	838.3902083331978	883.0328038198228
EXT2	612.1139583330416	634.8191579857396	632.7021874997397
EZH2	1168.572361110437	1191.5324826379376	1207.0737413194477
EZR	1103.7167708337283	1094.1965451381247	1122.0952256940934
FADD	1135.1194010413851	1384.4312847220106	1197.0998263890938
FAF1	1130.5174739575416	1188.5620138888335	1039.325312499
FAIM	920.7111371521349	921.9292447915519	889.2336631946354
FAM133A	2504.2726388889996	2391.5447222220623	2461.874366320125
FAM46D	1231.4365451375936	1176.3217881946875	1243.1050781245935
FAM50B	1403.0838020829167	1659.3424218748955	1454.3951475693639
FANCC	756.7348611108541	791.0346180553438	804.7524305558022
FAP	1219.7632465268441	1213.2751736111045	1217.5074305556152
FAS	671.9700781243437	674.02402777775	656.9229166666041
FASTK	1529.4566059030315	1562.2450173606992	1591.0825954847185
FASTKD1	918.5382725693541	919.1899392360002	938.2309635411875
FBXO9	832.2545399303958	813.8292621530417	844.6683072916874
FEN1	1556.9041319446665	1487.860130208625	1505.8212065970622
FES	1366.3971788197712	1434.2272743047918	1469.7887760416352
FGF1	1044.1114149307289	964.5950520833958	906.0117274302706
FGF13	1535.9393315967923	1544.1012152775838	1612.2779687502084
FGFR1	514.8421180556686	534.8355555550833	538.8923524307917
FGFR1_ext	3678.6546875004155	3961.8262934030636	3605.410277778011
FGFR1_int	2083.967309028343	2036.6813194445942	2112.8391406249475
FGFR1OP	2088.9992447918426	1831.2563715278645	1543.259982638573
FGFR2	833.9322482637605	787.6141927078854	788.1559809024792
FGFR2_ext	1678.1605034726667	1662.3103559022288	1707.7281336807814
FGFR2_int	1177.3544357640833	1126.7219531241872	1136.0463107635524
FGFR4_ext	1528.3365972220724	1566.8137413198338	1496.9616493055628
FGFR4_int	2271.409513888375	2366.043324654333	2287.301944444584
FH	812.2542447913644	779.2649392355415	739.5275086793646
FIP1L1	2007.9567881946891	1902.11981770776	1664.219427082708
FKBP1B	961.8934027775201	973.2812760415417	996.1957638892502
FKBP3	565.8618229163438	565.3197395827084	570.0284027774167
FKBP5	1441.8755121524273	1378.5861024301148	1293.2632899305627
FLCN	1456.7382118052296	1519.4410937496662	1412.6756249997081
FLI1	2880.965329860802	3194.1797135394163	3043.961666664583
FLT1	844.4544444439374	859.4272309020625	886.8360677081249
FMNL2	1733.0882204855625	1660.7747309027188	1812.6040885410207
FMR1NB	925.818237846792	879.6761545135834	891.3132986103228
FN3K	1179.3216579861044	1161.0436111115312	1191.6833072916565
FOLH1	664.833506944323	690.710529513552	659.4432465276417
FOS	5750.826059029582	4909.239861111188	5225.9970833316665
FOSL1	2189.9284375011557	2112.8861024308235	2278.1294444447813
FOSL2	3581.0150260418864	3530.181319445417	3834.717395832938
FOXA3	1875.1887673608956	1767.556666667208	1986.8760416658952
FOXI1	3908.532378470208	4409.889739583417	3980.606996528542
FOXN2	1411.4856336805528	1360.2514236112493	1483.1624913187609
FOXR2	2679.034461804657	3080.52604166625	2394.7530034729893
FOXS1	1815.2826736107397	1862.7505642355522	1850.7681597225844
FRK	1589.0838628469583	1619.321006944729	1538.1812934030518
FSCN1	1075.794218749885	1064.8218402772604	1046.685703125042
FTH1	2617.0902343739685	2700.9753819448547	2324.753993055552
FTHL17	3147.762057292927	3547.040729166396	2784.218090277042
FTSJ3	1402.2467795136765	1448.2434722220828	1420.718515625187
FUS	872.8721440973228	868.1922048605413	897.1699305552187
FYN	812.4337934027917	812.0462239578125	825.6419444445313
FZD1	875.733689235771	906.0826822916767	820.7214930548125
G6PD	1547.587031249312	1436.8154427082293	1532.806527776865
GADD45G	1199.362786458291	1053.9201649293236	1051.509374999177
GAGE1	1799.8905989583125	2045.9253472222183	1805.5663454857092
GAGE2	2796.5265972214793	2912.6524652757607	2370.33112847352
GALK1	1585.0086545145305	1518.6405468751775	1509.4995833324695
GAPDH	1652.4425954856351	1621.793055555188	1574.7249826392183
GAS2	1391.5310156255102	1309.1626302077816	1261.7498784719478
GAS7	700.3611631946144	693.0092621527394	659.1675086802501
GATA1	772.5254687493957	810.250928819	828.8207899304477
GATA3	743.1364670138751	723.2689322922083	769.281206597698
GATAD2A	1687.3821180560628	1740.4916145831764	1826.0097656253438
GCLC	942.4632378474583	938.4773177084169	978.0734201387289
GDF15	1123.8512760418548	1101.3340711800213	1092.8039236110837
GEM	811.887378471875	814.4129340274271	833.7804947915104
GFAP	2428.3093749998857	3108.0345399310518	2363.414652777396
GGPS1	1997.3246874996348	2083.5898697912708	1784.989105902364
GIPC1	1119.1253298607287	1104.3231857634792	1121.7380121519996
GK	1171.575651041187	1140.0243489575516	1085.507413194271
GK2	1245.2415798609065	1297.699149305437	1193.346744791188
GLRX3	1490.985251735646	1424.3300347217817	1489.555069444584
GLS2	2550.5519270835625	2474.0251388888046	1475.2441232638755
GMEB1	3055.9979687496457	3232.849157984989	3673.269644098282
GMEB2	4459.229765624114	4364.684314234855	4614.126250000583
GMPS	457.0221961805167	455.8328819443334	480.8939062497458
GNA15	1057.6098263888227	1073.1028993063742	1090.7335677074889
GNAI2	947.9973263883126	961.3762413192393	982.6291232635624
GNAI3	899.2069878466978	895.6146527779273	910.9109461803436
GNAO1	1238.0976909716555	1370.5622656243122	1259.9735590276873
GNAZ	1201.2268315976455	1202.994175347948	1290.082725694719
GNB1	973.6146614577395	987.7405989578747	1018.5978038189271
GNB3	860.9841927080416	876.2166927076981	879.2182725690833
GNG11	975.2399045136352	943.8791059022394	946.5276475692601
GNG2	1996.6553472226667	1950.5468402780104	2015.8386111114894
GNG3	1341.0567100688338	1363.6522395824477	1284.9331857637808
GNG4	735.6008767360626	725.8481944441875	724.7163541668436
GNGT2	1485.4140104161754	1066.719366319198	910.4478732636978
GOT1	1472.4902343750932	1392.0583333320617	1364.5407031241457
GP2	1080.971345485667	1134.3533072918228	991.286310763302
GPA33	970.2262152779788	944.9652343745207	902.6962847212918
GPAT2	986.4777517354894	990.7141232638228	964.1668402781775
GPATCH2	1624.9564930555835	1561.1570052076252	1562.7992621524888
GPC3	659.3962847225	688.4545659724125	698.4603906248437
GPHN	906.750781249677	855.6128298614166	855.0616753471146
GPX1	1401.5212152775619	1431.6480989592294	1434.7108593753953
GRAP2	1560.7417621519787	1570.6555815959164	1427.7507812498548
GRB10	2141.478828125396	2172.758064235563	2583.4966666665723
GRB2	1393.895312500677	1463.1537065966675	1391.4847916666974
GRB7	2305.8111631947195	2230.8300954865003	2497.828949653011
GRK2	2108.0209548611356	2272.5350260423857	2437.6841145836875
GRK3	1618.783906250042	1611.0061458325513	1686.9798871526043
GRK5	823.6331770831664	795.6178732643855	847.730026041563
GRK6	685.5254861111874	681.6928472224167	719.9610416667916
GRM3	566.1444618058333	560.5808940972499	559.7452343748021
GSK3B	1866.670034722208	2001.8856163191888	2048.2141145832397
GSTT1	2156.0435763877713	2073.359340277322	1903.9172656254686
GTF2A2	2669.4281770833013	2684.8911631938954	2723.977118054844
GTF2B	1644.4763715277295	1607.0921267362396	1725.3930989587502
GTF2E2	2423.541328124156	2319.8965190979893	2414.3738628471874
GTF2F1	2643.402829861781	2401.1005902779584	2709.5016493056564
GTF2F2	1398.8084722221042	1358.8074565976565	1436.1401302085408
GTF2H1	1535.1231597223025	1480.0007291663228	1593.6697395834271
GTF2H2C	1621.7734288188544	1636.1188802080833	1599.5769878460626
GTPBP1	1601.8530815970828	1554.8506249997915	1587.9001388890724
GUK1	1148.894835069719	1271.6370312493746	1091.1069097215627
H2AFY	1166.8580208331246	1131.6141666672083	1126.5637152770103
HAGH	1179.5340017358021	1178.4114236111564	1161.4534461791045
HAGHL	1864.7653906248645	2273.257109376614	1774.9037586807815
HAND1	1502.8363107636153	1555.6979513886045	1550.5103211802082
HBG1	1609.0769965274064	1595.5550173614686	1614.1231076381046
HCFC2	995.9338628471663	999.189661458302	1009.6851649304681
HCLS1	11303.952065975127	10422.236701386251	13836.485381944587
HDAC1	3492.177473958166	3690.6953124993956	3626.707378472146
HDAC3	1601.8073958328227	1795.3697482640723	1576.781180555292
HDAC4	4193.689357639167	3913.4928211801985	4996.9256597236235
HES6	3324.5679600693647	3519.5401736109366	3261.642230902656
HEXIM1	3871.121562499708	3605.2628645818954	4857.0481770834385
HEYL	1414.1231770829693	1360.0539670140104	1471.3559288188333
HIF1A	1841.965477431084	1705.3285069436145	1825.0915104163232
HIF3A	1418.3403124994686	1372.7637586813128	1510.4605208327398
HINFP	4123.199114583208	4270.315121527645	4639.4187152777085
HIPK1	1240.8883680554377	1241.8394010405825	1283.9411892366975
HIPK4	1902.3144704866666	1875.2691145838235	1828.0011892352916
HIST1H1C	1328.6127517354796	1229.1944097216035	1292.812656250042
HIST1H4A	998.2272656246456	997.3740364583855	1036.5618663190621
HK2	1168.3827256940626	1146.8977951387192	1132.3705208326978
HLX	2345.414947916542	2267.1414496533544	2268.5994791665944
HMG20B	1842.9468750001458	1698.1236892360732	1794.207552083302
HMGB2	2827.0182465280423	2673.965295138542	2823.929826388271
HMGN5	2113.2733854167504	2613.6603559019177	2399.3009809024165
HNF1B	1575.2031770833332	1545.2593229165213	1670.562968750915
HNRNPA2B1	1602.9984288198852	1886.3883072910824	2304.6977517352293
HNRNPUL1	1857.629991319229	1859.810043402396	1972.8153472225622
HOMER2	1006.8311892364167	1077.66553819425	1027.2248958334687
HOOK1	2926.3300781245107	3385.2466319441987	3686.3189583317085
HOPX	2518.590190973375	2212.250390624126	2156.058810764437
HORMAD1	897.9828906248437	890.0438715279687	846.1973524306457
HOXA1	3426.1427170134584	3485.129401041479	3782.9921006937084
HOXA9	1349.0613802085418	1309.0928038184895	1393.9495920139273
HOXB13	1437.8834635422288	1482.5350694441977	1410.81877604124
HOXB6	1948.4800434029482	1924.8745312505418	2012.6124305555413
HOXB7	1514.902578125219	1489.5576475685104	1594.5228645825214
HOXC10	1256.3067013889686	1216.7310677076778	1323.9443836799585
HOXC8	1062.990755208749	1039.466223957479	1017.952751735979
HPCAL1	1333.0032031248961	1277.1930121517814	1293.803611110188
HPRT1	1014.8190451385002	934.3541406250314	945.4950173607918
HRAS	1508.5934027769795	1535.1061718747603	1295.935781250073
HRH1	618.2077343748437	588.9722222217813	644.4782204856875
HRH2	460.2557899306499	449.08566840315206	480.26388020897497
HSBP1	2099.8241579859264	1858.1509288193547	1877.6932552082085
HSF1	2892.3517534716566	3019.531345486125	3188.8739756940936
HSFY1	939.3767881941562	954.1852864581564	943.8583333324582
HSP90AA1	2206.451545139292	3465.3850607644467	3107.9634809043646
HSP90AB1	3896.430138889166	2548.021510416928	4076.2961284737717
HSPA1A	1086.8544791662287	1061.1744184016877	1116.5031163193746
HSPA5	1045.239800347541	1048.3143142366146	1065.2149479159787
HSPB8	2575.1970052078123	2720.4548524298025	2466.964166667229
HSPB9	2530.9395225699895	2497.026805555302	2401.3587673614693
HSPD1	1160.954817708479	1090.7647135415625	1169.2098177075932
HSPE1	2158.12929687449	2247.777612846635	1938.1354253471138
HTATIP2	994.3822222226353	939.6449739580725	1013.6341232631358
HTR1D	788.9212152776669	756.1062326388645	793.0453038193855
HTR2B	1012.6595052082704	980.5267795137395	1011.0768576387289
HUS1	1622.3442100699378	1582.6886284721356	1637.1021354161253
ICL_2	565.3787760412916	681.6598003471562	865.5546614588187
ICL_3	585.368576388852	672.8715451388666	860.9072048608471
ID1	2170.148472222458	2297.7194531253954	1971.718758679875
ID2	1406.2782986105412	1449.0505555555944	1417.6131336807284
IDI1	1567.3807552074898	1554.2551909711358	1493.970000000333
IDO1	1007.3422482641034	978.84638888899	1069.330329860562
IFI16	943.9037760418227	949.7959722214582	1026.292612846979
IFI35	3290.196753472626	3908.437065971874	3380.700104166605
IFIT1	1127.3588888887186	1127.182682291989	1102.1818836804796
IFIT5	2121.7961805550935	1927.0201909728019	2139.3171527782815
IFITM1	1330.9917881935937	1338.9719270824899	1235.383854166271
IGF2	1381.1188368060525	1364.1149045138238	1327.3350781243957
IGF2BP1	1224.1596440963438	1210.196310762698	1226.5278211804373
IGF2BP3	1028.0207291656566	1010.5728038183114	982.1640625000834
IGHG1	8101.667135412086	8387.561657979479	8684.284548606876
IGSF11	1246.8200781244175	1228.2131597217394	1235.7833159725621
IKBKB	1112.4752777771769	1131.3742361109794	1163.24144097177
IKBKE	864.2957725691251	861.8373263886248	873.3069357639271
IKZF1	5277.596953124168	4624.470581597875	4486.908055555189
IKZF3	2052.4152343756778	2038.5380989581452	2147.2126388885417
IL13RA1	1060.137326389094	1144.8579166670002	946.7864409721769
IL13RA2	1598.8992013883228	1700.4947743049586	1451.8385156248544
IL18	1027.3064756943331	975.5797395828752	1027.6840798612088
IL1A	3015.670703124208	3067.5477777777814	2938.405407986
IL1B	1854.553203125271	2009.4665798611356	1790.1734722223334
IL1F5	1811.8752170140415	1777.4855815973021	1667.2092968748757
IL1RN	1413.6654687495306	1462.36618055526	1335.0508246528648
IL21R	678.2805555558436	695.207916666948	706.5115972218439
IL24	1335.1107986113234	1406.7123784720097	1300.9276128467495
IL37	993.5502256947497	977.2950086802603	957.3316840276876
ILF2	5375.267309027919	6108.415034720415	5402.144427080209
ILK	552.8998871525416	548.5003993047708	603.1343836805896
IMP3	972.3865538179684	933.3526128470623	951.9550868051772
IMPA1	1402.3633246517297	1312.0473003471668	1331.869739583
IMPDH1	1685.166961805323	1784.1403298606356	1581.4522135411037
INA	1837.4732291663965	1896.3832031249997	1761.6960937502085
ING4	3027.960850694875	3157.342604166313	3353.8073697917703
INHBA	1504.7971961798441	1464.6652170144691	1546.9984722230836
INPP1	1166.4906944439792	1170.596050346958	1152.866302083094
INPP5B	1207.5411979158027	1286.0216493058442	1294.6055815970317
IP6K1	1543.5665364578435	1553.652126736136	1656.5769878471056
IP6K2	1542.0431250001147	1323.3325781253127	1518.8035677086875
IPMK	773.633012152573	763.2578385414791	772.9227777775104
IRAK1	1304.6290798604368	1288.826744791104	1338.7213888892288
IRAK4	827.7322482642395	818.2566666669478	829.2936805556666
IRF4	1653.5351215268229	1588.0709374995834	1749.691197916563
IRF5	3239.874062499937	4151.6021267356355	3752.38621527723
ISG20	2055.415468750542	1889.9711111106258	2126.2581510416353
IST1	1086.1779253463742	1071.5709288187809	1080.4664670134266
ITGB6	1054.9785763881039	972.8219531251564	932.1495486112605
ITGBL1	2084.011770833176	2167.5539236111777	1825.4182204864173
ITK	1511.9518402779065	1509.051657985854	1616.436076388521
ITPK1	1734.8217881954372	1914.9148090279377	1636.480008679427
ITPKB	1672.3486197921768	1695.6898437502502	1720.4291666666866
JADE1	1503.140998263552	1530.9135329874273	1488.7961024305312
JAK3	924.4239670139273	928.9440451384376	947.0907118051459
JUNB	1672.6537065980515	1670.4868663186357	1760.6402343744176
JUP	1312.7573611111777	1279.3304600689587	1538.4368923606141
KAT2A	3183.0523263888126	3149.6709201376566	3614.635946180177
KAT7	3052.6611892367405	3118.9557118038333	3248.02250868026
KATNB1	1021.8228298610204	991.4942274297917	1025.3389322916034
KCMF1	3035.25082465277	3279.656710069801	2856.932934027448
KCNIP3	1380.273333333271	1200.7967274297291	1256.5329079856144
KIF9	1087.4091579860515	1078.2814236112606	1161.254895832751
KIT	595.4407204858854	588.3968489578021	592.0347916664167
KIT_ext	1535.4662760417093	1504.6692100688024	1539.3609027777707
KIT_int	1513.6124131950414	1463.6242795135108	1527.6743229161875
KLF10	1974.8575347215306	2193.4634027782813	2149.85642361126
KLF12	3269.064079860875	2694.099383681406	2972.1377430551047
KLF4	1340.4501215271353	1311.7004253473017	1427.0789930555634
KLF6	701.1181076385104	718.8982465275833	712.3225954858647
KLF7	1845.9377170141256	1828.946380208479	1853.9157031252914
KLHL12	1044.2243055548754	1138.4972222217496	1068.8204947914378
KLK3	1130.5538628465101	1154.7031684017704	1070.9102256941037
KRAS	1566.7902430547817	1511.3457986105002	1499.0109375003333
KRT14	790.2353645836041	797.3993055557708	801.9300694446666
KRT15	5100.327838540875	5621.829487844301	4873.827986108875
KRT19	6461.5119965270305	7180.823715273398	6510.361510417356
KRT4	1396.1732118050827	1427.7500434027925	1424.3611631946142
KRT8	1457.8896180547813	1504.7667968745104	1359.0185763886668
KXD1	2029.019644097021	1844.3385937493333	2100.010963540979
L3MBTL2	2365.2844010418435	2133.249921874761	2327.6154861124173
LAD1	1261.715963541417	1179.979097221896	1233.074123264375
LAMTOR3	2177.668385418146	2374.070546875197	2222.7112586804583
LASP1	661.9579427081665	654.2303732634896	680.108333333177
LATS1	1522.8548784718128	1498.3628211800633	1549.750130208323
LCK	1312.4984635417607	1375.9365711802502	1405.1843923608335
LCP1	619.7415017361562	640.2295225693749	653.1857204859375
LDB1	1546.649739583386	1520.1713802081665	1603.3550954861764
LDB2	2980.1530555557597	4179.528463540125	3021.808880208239
LDHA	1581.5260503474162	1545.7484548602088	1490.4858333334485
LDHB	1391.6565104161773	1339.5781770833125	1271.7104340281664
LDHC	2146.218541666407	2076.243810763614	2040.4500868051666
LEF1	1710.7669184030315	1710.3866579856144	1548.1521701387921
LEMD1	1495.8498090276462	1432.3103732637287	1489.3018055553957
LGALS1	1239.080434027666	1208.626371527583	1202.456076388479
LGALS7	1565.7662847223332	1566.5271440973133	1514.9988888889593
LGMN	929.705746527552	917.7613541668538	898.9831423610523
LHFP	672.9010763884685	683.7034982633334	667.7047309031043
LIMK2	1097.4901388890828	1140.244765624979	1166.8390798605305
LIMS1	2887.9658333317493	2888.5147916671667	2837.071223958177
LIN28A	2115.004019098104	2164.901918402636	2113.4653211806776
LIPI	1139.3650954857083	1131.554982638594	1175.8441232637501
LMNA	1250.8517621526876	1260.1907638875944	1257.5336718747083
LMO2	1562.6685069439686	1478.146111110948	1379.762074653229
LNX1	1138.4733420131665	1146.4679687494997	1145.348975694989
LRRFIP2	2705.990434028406	2434.1487239580415	2531.254678819812
LSM1	1048.856579860052	992.4863020828228	938.5557812499894
LTA4H	1607.144114582563	1551.1068750007491	1677.3243489591046
LTV1	1464.0170486111883	1475.7655208333852	1469.0504861109375
LUZP4	1720.362612847636	1722.954001735843	1778.3640104165625
LY6K	1141.5551128467819	1159.4266666664582	1067.417708333104
LY86	1196.562543402417	1322.363159721656	1143.3224479157502
LY96	1595.8508246521146	1671.5205208330106	1610.8899305556765
LYL1	861.533515624573	863.49529513875	892.5205902776771
LYN	701.5236371526563	686.896015624677	712.0292881942709
LYPD6B	1106.6568229169902	1176.1695486105418	1086.2637760417706
LZTR1	1081.0360243052812	1081.9256597213544	1089.4755555551767
MAEL	1617.7199131938853	1631.153020833188	1659.285920139406
MAFG	2481.644288195354	2523.594592014384	2630.373307292083
MAGEA10	1352.7761458335312	1348.4793055553966	1297.3170659715306
MAGEA4	1413.8090104162918	1398.7664670135305	1222.209435764073
MAGEB1	2042.7830815953866	1490.2472916660931	1372.081553819969
MAGEB2	5108.659809029729	4020.3798958306043	4787.214479167084
MAGEB3	1972.1630642355944	1886.4623611103857	2002.0894965276157
MAGEB4	4525.7218055549265	3472.826684028396	4054.440338541272
MAGEB5	1761.1057638889374	1748.838246527208	1783.841649306719
MAGEB6	2343.2043923605725	2290.0700173608748	2435.8629687493644
MAGEC1	986.7935069446559	990.282170138458	963.7374045137083
MAGEC2	1979.4020052079793	2052.292178818771	1731.0640277774373
MAGEC3	1110.2733506942918	1103.973029514187	1057.5042881932804
MAK	1689.983368054885	1690.738350694626	1770.997039930303
MAL	1209.497248264396	1205.6461631943016	1086.0779600695307
MALL	2809.235399305303	3117.779027777314	2171.8780989575516
MAP2K1	1483.3170833334902	1344.419739582364	1353.3613194441352
MAP2K3	726.7761979168125	879.7514149307187	775.9690451383125
MAP2K5	1085.3727083333645	1092.840555555937	1166.556154513115
MAP2K6	730.825512152552	878.2384895831248	857.6262239580832
MAP2K7	986.6228559024165	1009.5956249998961	1054.9829600690623
MAP3K13	1328.4829774297395	1334.8336631937086	1332.7155729157082
MAP3K14	815.9049392360417	816.5936892357396	854.7116406249792
MAP3K2	1261.8176822912394	1265.9882465274784	1328.0387934021874
MAP3K20	1380.5221788187707	1364.865208332416	1371.4770052084584
MAP3K6	1570.4112152765008	1603.6318402775732	1589.4331857633545
MAP3K7	1119.8200781251871	1097.8512326381872	1167.9538715271353
MAP4	660.1708159716248	638.8514930559271	678.8035503472915
MAP4K3	797.8803472223334	807.0102690971249	786.5482378474376
MAP4K5	594.2450173610208	588.7815798613125	636.088359375177
MAPK1	1460.1636458327291	2002.2318315979169	1412.1929513887087
MAPK10	1302.77476562525	1334.3758767361983	1298.7785677080624
MAPK11	1265.5190017361979	1273.2784114583437	1283.8264930546457
MAPK12	1286.9305555543644	1192.916736110167	1132.037369791646
MAPK13	329.7851302081616	335.8443749998085	360.13796006946575
MAPK14	1326.1265364588758	1376.1768663190312	1452.9445920144997
MAPK3	1676.225668400698	1942.694270832241	1457.0749131939592
MAPK6	3778.6350520836354	3176.0198263903544	3019.742135416437
MAPK7	1681.1286805549594	1535.8652170130947	1681.7200607638545
MAPK8_tv1	2095.121510416323	2058.518602431271	2096.8107204863654
MAPK8_tv2	1726.4615277778018	1684.8515624998438	1664.9194531244277
MAPK9	1583.1115972223747	1552.724036457656	1696.4473784730108
MAPKAPK3	1553.175946180281	1472.9069357634476	1522.514539930927
MAPKAPK5	3882.4733854178553	3553.9470572904565	4473.264592014562
MARK2	1263.1521354160213	1251.5178645822505	1288.6420486118752
MARK3	638.8604079855104	639.7120138886563	664.1359982639271
MARK4	921.5457204857396	903.7950260407706	898.9620052084168
MAST1	2265.5654427079385	2279.206866319666	2288.6980381951353
MASTL	2036.8029079852288	1956.7042447921458	2015.0618750009687
MATK	1549.9412847226358	1575.7527517359372	1713.005321179927
MATN3	1850.494288194093	2100.189479166615	1641.9731423609267
MAX	4846.643602430022	5171.339644095761	5475.83197916851
MAZ	2701.2288715275213	2708.6477343748757	3054.5045138863543
MCM5	691.3288281250417	701.41728298625	734.0672916669687
MCMBP	1516.1257291658535	1585.1130989576145	1625.3114930546355
MDM2	1428.9560503471255	1359.2834114574061	1304.0369618054604
ME2	912.1856510416043	918.9396354167917	915.0436631941039
MECP2	1729.1974218747084	1751.8985329863226	1785.0976388888128
MED16	1516.451961804635	1531.7722569440728	1575.8078645821563
MED17	1564.1414062501558	1574.3618489583546	1619.5260069445312
MED21	1486.9224913194066	1448.1768229161453	1369.542317708167
MED22	2038.935017360896	1888.9702951380937	1624.026102430427
MED24	1966.752161458302	1990.5017361110724	2085.452057291552
MED30	1936.006545138115	1844.9324392364692	1993.0742881948017
MED4	2645.9198177082817	1984.921640624532	1737.4054340274888
MEF2A	1776.126059027322	1554.5186284723857	1563.9950520834793
MEF2C	1522.6400260418027	1652.0340624998128	1568.2954600692813
MEIS2	3744.3633072912085	5217.212977431958	3932.795043401626
MEIS3	1823.9645225687602	1879.0170312499058	1723.2734895834262
MEOX2	2005.165494791802	1991.496918403292	2139.364296875771
METTL3	1395.8991319457914	995.4847222218957	987.1465885416977
MIF	1469.2999652782087	1382.1706423594062	1260.067769097146
MITF	2218.0085503472087	2172.028411458354	2349.701032986416
MKNK1	1509.1675434024894	1572.4557638883443	1556.9036197923647
MKNK2	1185.603133680719	1159.049939235583	1186.5610937493648
MLANA	894.2465538195838	1027.5277690968649	993.9455208333227
MLF1	1350.1362413195932	1372.080868054928	1423.4363888889372
MLH1	2330.255868055271	2462.266067709083	4077.7854166692814
MLKL	450.92451388930834	432.6735677087448	485.83783854172503
MLLT11	824.8779340280313	861.5396527777708	826.4674131942186
MLLT3	835.377456597177	846.5628125001874	878.7062934025314
MLLT6	1861.5545920144057	1837.7806857630312	2292.4760937507704
MLPH	1351.9996527767187	1703.8322916653335	1801.7028732644794
MLX	3285.017942708666	3049.9840798613545	2485.628289931583
MMP11	1017.1790538189276	1026.9744878466668	987.9934982639271
MMP14	828.8690711811146	824.6607378468333	774.2262847220416
MMP2	998.3803472220415	1021.4493489588955	1028.4935243054576
MMP24	944.2226041665209	976.1027951388648	910.378177083208
MNAT1	1790.3836284721665	1639.115746526927	1790.4812847221149
MNDA	1149.4328906239998	1124.0095659715205	1155.610980902375
MOB3A	1119.2260243056355	997.6788107630937	973.634583332906
MOK	1191.6748871527711	1189.3270659719992	1217.9833072910628
MORC1	1092.5849305558336	1051.3942621521567	1096.0306423608022
MPP1	1266.9738888879167	1278.9320833340203	1186.7884201388752
MPP3	1027.7473177080517	1014.8446354172189	983.466944444698
MPP5	1872.7372656250207	1870.94913194449	1944.9416666670418
MPZL2	2986.4936458341053	2874.5200173620838	2293.705182291375
MRPL45	1127.0843749997189	1238.4277083332702	1120.7364670136978
MRPL55	1300.854539930802	1316.0234461804678	1240.6440538186357
MRPS26	1292.4484027774065	1335.9940017355932	1318.5607465268745
MRPS30	1168.5787413192809	1146.7928298613447	1162.4964670130935
MRT4	1290.5569270831463	1289.5069965272403	1316.0609374993335
MSC	1052.9293923601983	1072.2055642360824	1050.7701041663959
MSH2	1211.6504774298328	1265.94601562474	1216.9584895831774
MSLN	945.9935156245317	968.9455642359064	904.556675347396
MSN	1186.1308506940625	1111.1080729170935	1188.5283593746458
MTERF1	1849.2718402775727	1842.5710243054996	1923.5213802089477
MTMR2	1050.6909722220098	1046.7701736096144	1053.4343229166036
MTO1	1005.2385243052184	999.0040885410203	1022.8780295132502
MUSK	819.5786718743751	806.7920138892499	806.9973437498959
MUTYH	1114.7592968744063	1103.8310937488743	1192.4161458317494
MX1	2922.807465278011	3712.2740451393024	2667.3848350684275
MX2	728.2311718752292	725.0965972226146	740.8035590281145
MYBL2	1882.052300346959	1781.8976128474999	1913.9466927072087
MYC	1419.0747743047395	1369.8400607625842	1323.376223958385
MYCBP	3321.7455902789584	3233.96921874976	3261.4791840264475
MYCBPAP	1172.520894097115	1184.6706423609903	1214.49674479126
MYCL	1103.1898784715936	1174.9379253471564	1071.2865711801253
MYCN	1180.8070225691351	1193.0366579849795	1150.8599652776354
MYD88	1053.6162847225835	1057.3697829861458	1063.7258680551254
MYF6	2391.561128473386	2348.618411459593	2527.467951390563
MYNN	2931.2273958338437	2959.285763889708	3053.3951475699796
MYOG	1527.6014843751354	1426.0104340273963	1381.9294357641884
MYOZ2	980.2534722220936	964.6249392355834	978.0394791662499
NAB1	1270.9838802083327	1245.8510243053129	1289.75237847149
NAE1	1337.285104167156	1340.390182291469	1320.0110329858649
NAGK	1309.4929861115206	1307.1185069439168	1289.1431076388023
NAP1L1	1187.005902777479	1146.2102777778323	1131.1480295132399
NAP1L3	5328.123567709012	5275.940512151448	3465.7753645842295
NAP1L4	1155.0288194441664	1174.7908072917496	1108.7104513888644
NCK1	1557.2677604171877	1330.8303472223536	1474.5615798613642
NCOA4	1318.3300347223021	1339.4870052080207	1367.1940277773012
NCOA5	1657.6107899307815	1552.4965017345417	1401.3540885413954
NDE1	4512.490052082375	5425.118637150962	5254.072100693313
NDRG1	1344.6341232632305	1384.9207638880735	1413.9321180547086
NDRG2	1649.2447309030838	1723.7295138884795	1589.5311024303853
NDUFAB1	1516.6977256949372	1477.7545486110214	1336.5955902773132
NDUFV3	1625.4566927077817	1514.8323784725942	1615.6354340273322
NEDD9	1611.4759374993544	1862.4059114586773	1523.3616059033018
NEK11	2079.4094010422814	1998.016536458271	2094.1704427089476
NEK3	2201.2507986114274	2311.0896961800727	2190.43361111199
NEK7	1233.196085069115	1229.7915885401871	1312.4858680546147
NELFE	2213.7267708341756	2172.105034722116	1797.938437499844
NEUROD1	2546.638697917354	3019.2770225698546	3218.5449479171666
NEUROD4	1609.9609895833953	1655.4319010413753	1618.502204861271
NF2	854.7903298611146	858.5714322914272	884.776206596698
NFATC4	1451.6184375000728	1470.8922048601048	1432.8163628470004
NFE2	3243.49325520699	3267.7289583343127	3165.373880206854
NFE2L2	1964.7446875003122	2027.4815017365206	1978.1489756940518
NFIA	3116.9892361111147	3327.5653472223544	3578.7845486112915
NFIB	2661.161189235125	2744.4466232642603	2474.6234375000527
NFIL3	756.9698524304583	765.9856336803958	789.4869965280312
NFKBIA	1397.0884374998025	1401.7033854163017	1418.2776302077393
NFX1	1383.2062586806564	1409.288454861615	1459.1712065971358
NFYA	1406.208680555406	1379.592760416115	1457.868897569093
NFYB	2183.899626736281	2316.339739584011	2092.5381423603435
NHLH1	3521.5507204836144	2664.391935764062	3353.9952864578954
NICN1	1731.4075000004166	1788.0310416673956	1584.5045572919068
NIM1K	1581.5673871521778	1575.8574479159483	1622.0646875005002
NKX2.5	2122.4661371526136	2124.038810764823	2210.6953819438227
NLK	2341.946128472948	2649.1916666671355	2394.9298003467193
NLRP2	1682.550399305063	1721.4055468738022	1702.1942447918548
NLRP4	1045.188715277021	1033.430746527593	990.39092881925
NME4	1212.0055555556771	1244.4566666676044	1080.3167274303128
NME5	1543.4864062500517	1454.1188281253021	1535.7275520828236
NME6	974.941501735677	960.0560329859579	968.9175434030619
NME7	1602.9108680554475	2468.5017968752504	1560.0195138894796
NME8	1266.258776041365	1256.7887586805107	1233.5168750005005
NMRAL1	1144.882022569396	1022.2490711808016	994.7683854164168
NOL4	5583.198888883691	5368.415946179688	6041.209687498542
NPM1	1651.3555208338223	1715.4400347224687	1568.2071354153745
NPY5R	1419.8924045130518	1419.2961458329055	1442.8445659721458
NR0B2	2260.919904514614	2262.2801822923125	2368.00594618102
NR1D2	2324.2185156242604	2270.670451390937	2354.227404514052
NR1H2	3550.3706423601666	3067.5081423613324	4067.1831336804908
NR1I2	1728.919921875125	1777.1817187501247	1827.7305902778435
NR2C1	2987.482934027499	2966.2715711809583	3155.563402777458
NR2C2	1342.5288368053857	1284.7484461800104	1324.5395920135204
NR2E1	1536.2307986108328	1525.055737847531	1599.9071527773224
NR2E3	2927.2330902779795	2756.8973784723225	2343.4222656251977
NR3C1	1972.5061371530203	1892.820807292282	2047.0957725694059
NR4A1	1206.0995399303024	1208.0872135415937	1214.3969010413443
NR4A2	1636.93203992999	1598.6488454864693	1733.0119270831042
NR6A1	2043.7055208331249	2060.217499999656	2248.914722222355
NRAS	1093.8906944447715	1112.9131336801354	1117.6922916660521
NRBF2	3357.3174305559796	4077.48620659473	2571.779574652875
NRBP2	2079.035225694938	2099.5027604162397	2124.204401041709
NRF1	4529.066241318584	4321.524722224103	5059.695902778687
NRIP1	1533.6093749998643	1494.295078125146	1577.4963888882712
NRIP3	2074.4982465263956	1896.6515798611463	1820.4956336808427
NSF	1119.1605902772078	1129.5833159712813	1105.386866319562
NTPCR	1812.0844444441564	1746.4061545131879	1771.1371267360212
NTRK3_ext	1106.542135416323	1153.0682291660419	1062.947118054479
NUAK2	1298.5504079853956	1276.5535329850832	1358.2339583334897
NUBP2	1469.6192274304067	1703.753819443656	1379.5150868056355
NUCB1	997.1774565968749	960.1647482635517	957.6901041666454
NUDT2	1211.9133940969487	1289.4395746521668	1203.095781249989
NUF2	1181.5813802086661	1158.880842013771	1166.11592013877
NUP50	1297.534791666845	1263.6707725692704	1255.8115538191862
NXF2	1156.532881944	1173.4793402771772	1171.6754427077603
NXF2B	1707.7664236104583	1633.8754687492599	1699.467387152687
OAS2	1096.8093489580212	1078.9257118051664	1080.4552343739479
ODC1	705.2893055546416	679.9801302080959	627.139869790927
ODF1	2842.5734201389996	2941.163802084374	2868.095564236708
ODF2	1253.5369965275413	1219.85779513825	1249.593098958052
ODF3	463.5749479167198	458.71676215353443	475.12092881938736
OGG1	1567.5799999995943	1573.7220659719583	1656.6581423615205
OIP5	3840.856180554667	3970.552239582708	4141.2348263882695
OLIG3	1445.1620920138857	1509.4823263885937	1494.9057465282303
OSBPL9	1121.3176215272501	1090.8773871525725	1080.399730903093
OTOA	987.3657899299059	995.8851128463333	959.114722221489
OVOL1	329.36482638883245	326.9179166666834	340.7477170139876
OXSR1	1659.1931597229482	1660.1944791669264	1769.9661718750212
P3H4	3647.794227428124	2985.9655381928233	3291.0707899307185
P4HB	968.4213541667705	968.9532378469377	979.4948784722088
PABPC1	1289.5439496523334	1252.43465277726	1291.9592534720837
PACSIN3	1409.8984114571772	1388.3947222217298	2071.00904513902
PAGE1	929.3264322913228	876.4392621528436	924.224895833396
PAGE2B	1374.077048611479	1314.3139322914583	1365.9291059015725
PAGE5	930.7934288190415	871.7202864585415	889.7094618049375
PAK2	859.2335069444271	837.1884635414478	837.7019097222501
PAK4	1331.0089236099996	1384.2439496522918	1427.2616319444066
PAK5	1063.7970659721761	1088.745217013125	1062.832734375218
PAK6	1513.9436805552707	1535.7523177076562	1615.4211024304066
PANK3	1092.4021527775833	1045.9306944441246	1023.2470486109272
PAPSS2	2377.507282985844	2169.2783940959994	2532.219105903134
PASD1	1193.6041059020727	1183.4102256935416	1155.7604166670408
PATZ1	1139.967499999865	1153.9169531245211	1189.3078472211985
PAX3	1574.055095486583	1545.5713020834683	1575.2196701382602
PAX5	1448.9310416665728	1464.1099131946253	1451.4662934026571
PAX8	956.4371180554269	954.2899479168643	1028.0644791657082
PBX1	1005.6383246529685	1021.1197656240208	1081.4558159722815
PBX3	1679.263185763386	1634.612734374553	1792.2565972222085
PC	761.5695572914688	737.0000694443959	772.2535416658332
PCBD1	1705.1053038177813	1705.9068142360416	1537.0766145833015
PCBP2	2301.8728906253227	2090.683828125073	2172.2090798611257
PCGF2	1482.9768923601875	1532.2343315972284	1508.0808767357921
PCK2	956.0486631937084	975.1819965272913	1002.1830729159057
PCLAF	784.6179166665522	772.5254427082604	759.457986110823
PDCD2L	1848.7065104145113	1656.2180555555112	1631.543333333031
PDCD5	1853.7200173610727	1914.2479253472598	1858.6307118057923
PDCD6	1314.967387152812	1254.9695572918538	1233.0260329856765
PDCL3	4365.162526041541	4962.856293403699	5151.575564237667
PDE4A	438.42103298654365	451.50768229204374	469.40414930604186
PDGFB	451.19700520828746	452.6167968748761	458.64131076430726
PDGFRA_ext	1553.0644531251983	1489.925190971802	1551.1674479170738
PDGFRB	673.7223263887707	683.2969357633332	653.4673871521042
PDGFRB_ext	2513.6610937502296	2473.7791666663848	2523.2613020828326
PDGFRL	932.911814235927	923.4223350686979	906.938515623969
PDIK1L	2147.034826388989	2133.535217014469	2186.0849305563133
PDK1	1347.871458332666	1392.4946440967603	1505.304496527167
PDK2	1440.8934548611765	1500.4856250002913	1474.899192708626
PDK3	2145.3863541674164	2122.816796875916	2246.403159722344
PDK4	2817.0400434025314	2863.9546093744266	2537.0504513884484
PDPK1	2950.766927083094	2854.267057291187	3237.288203125167
PDXK	1485.6512673610725	1561.811857638739	1496.658064235812
PEBP1	1082.0896180548327	1067.6657204867604	1040.704357638792
PELO	722.8672482635936	690.0449045140105	715.6675781251146
PFKFB3	5072.329756944312	4586.858836805834	5316.622152774999
PFKFB4	2022.5242881957288	2356.786328123729	1759.4345920137712
PFKP	2965.170711805854	2856.482239582896	3119.8421961807294
PFN2	766.1650260415105	757.0583159724688	744.206267361073
PHB2	1302.215138888042	1252.6419531247404	1308.1425347219588
PHF1	1240.909210068927	1227.6431510415623	1295.0522829861882
PHF11	1916.8111892358538	1995.99172743074	1948.9541753470423
PHF5A	1224.299314236156	1232.9626562493233	1290.6962239579689
PHF7	2408.400902778739	2323.387005209	2653.5514583334893
PHIP	1162.241927083698	1179.396137151667	1178.251423611125
PHKG1	1919.7230295137501	2009.8186718754378	2030.4059027778023
PHKG2	1874.2714236106244	1882.098628471667	1912.6538888893124
PHLDA1	1133.8139583332186	1122.0488107631566	1101.877092013979
PHLDA2	890.1583593745521	883.7512499996875	880.3663628472915
PHTF1	2008.4828993048852	2010.088871527792	2095.9712586806977
PI42B	1125.4548437490105	1105.87398437452	1074.259053819062
PIAS2	2988.1199045144276	2605.6538368053757	2880.191215278437
PIDD1	703.052907986021	709.4982812495103	715.3550347220937
PIK3C3	962.7667100687188	965.3785503472498	1016.2586718750728
PIK3R1	2170.4287499997295	2120.254427083552	2276.6520746538235
PIM1	932.9443923611145	940.7095052084898	989.4520052080518
PIM2	889.6825520832501	937.9581770826563	927.6593315972707
PIN1	908.0796354164271	888.8533940970311	892.0561805553749
PIP	1412.1338628467292	1487.2019010417714	1300.9987586802392
PIP4K2C	893.6160763886459	889.5292361112604	849.0313107635624
PIP5K1B	474.3172482636834	468.0110937498521	481.10860243071664
PIR	1520.7857552078856	1450.4382899300208	1532.500286458041
PITRM1	1045.3586892364056	1040.1540017355212	1084.7238715271462
PITX2	1254.8192447919903	1222.9216666657605	1223.5344704864267
PIWIL2	1320.0597395826564	1333.8518229166561	1324.2597743053645
PKDCC	2072.316987847677	2196.137092014156	2059.7269444447393
PKLR	1381.2909027775834	1368.480677083302	1397.0138802080107
PKM	1231.298020833292	1131.3298958331045	1232.4422309018853
PKMYT1	1525.742144097239	1522.5582986112502	1508.9959461809485
PKNOX1	2860.3624826391556	3463.9037065966145	3534.5255815958026
PLAC1	1918.8844531253017	2198.6912586800213	1798.6042795136243
PLAGL2	1476.2930555552603	1484.0072569445417	1559.5023263891153
PLD2	1030.8046614578116	1034.4661892356037	1085.706979165333
PLEKHA5	1178.6559374989683	1178.4684895827606	1181.5044791666141
PLK1	1530.8670052081354	1490.9428385411265	1550.6696440967091
PLK2	901.7398524304167	922.2253124996668	938.4575781252079
PLK4	1310.0878038193964	1327.038723957677	1377.9109374992393
PMEL	1135.2074218752089	1082.4347829854898	1158.2568749988857
PMF1	3221.3443229166774	3132.003420139417	3223.2673090279895
PMVK	1530.433394097885	1537.103628472719	1442.4670659723436
PNPT1	1777.3739930558645	1743.7676822909173	1747.2183246528957
PO2F2	2094.2284982636043	1958.322838542	2254.7308420144377
POLR2I	1750.4763975690728	1742.8210937503334	1653.1135937495626
POMK	644.1911979163854	638.2906423604479	632.9239496525729
POTEE	837.3014322914687	821.7384548609895	810.006180555146
POTEH	839.6468229164577	800.4738194439066	841.7880295136769
POU2AF1	1082.5744704861563	1293.5493229165106	1076.2752430556973
POU5F1	1655.4895138888853	1635.2734722219689	1697.6377690963855
PPARD	1298.7345833326465	1351.2870920138232	1331.5981597220523
PPARG	602.4412065971354	594.1190190970938	626.4604687499896
PPIC	1223.488029513499	1237.1316753464787	1181.6939409723332
PPID	1048.710295139187	911.0497482633853	914.7080381945624
PPM1A	704.4459374997604	687.8933767357083	735.9350520837605
PPP1CB	924.9835069440835	913.0071874995725	901.0597656244058
PPP1R14A	1063.913272569156	1065.484852429812	1035.9377690961664
PPP1R2P9	2424.1751388893954	2320.102890625219	2330.9671875006356
PPP2CB	2306.3570746536566	2230.136293404156	2302.949097222916
PPP2R1A	3410.4683246535415	2660.9788020832607	3196.047838538375
PPP2R1B	1377.1845486113018	1493.4454079857605	1327.3821440966144
PPP2R2B	967.0825260415728	975.0636197916766	1017.6819618044373
PPP2R2C	822.9443663191978	817.4048177087292	874.0033246527709
PPP2R5A	1005.0523177082497	1038.913142360625	1017.3846961809162
PPP2R5C	1862.8685590275625	1855.5853211803028	1881.4603385418338
PPP3CA	1070.7386024311566	1077.6836284718536	1103.1513628480313
PPP3CC	1131.795486110573	1132.4313541654587	1210.9974739587185
PPP3R1	923.4349045139164	923.8053819443436	935.8384895823854
PPP4C	1836.8758072905937	1919.0047916664687	1797.6129600691977
PPP4R1	1211.6468576387188	1266.192152777323	1191.0774305556356
PQBP1	3006.856484375114	2747.9497916678747	3059.268784722771
PRAME	1576.5472309018755	1498.5253472229788	1566.280616319
PRC1	3323.309991319458	3685.4089756947715	3742.8150260403336
PRCC	1152.0669618051359	1973.780581596698	1220.6000694442182
PRDM4	3542.6810763885514	3168.435260416771	3862.669635416604
PRDX1	1543.4752083328437	1457.1865451384476	1406.2678559023548
PRDX6	1069.4785677076147	1029.989496527729	1039.6125781245414
PRELID1	1208.5862934023125	1229.873897569011	1196.2083680551357
PRKAA1	1393.8946701381562	1372.6180208326764	1435.342439237
PRKAA2	2067.20549479122	1654.5927951391354	1915.8766145830825
PRKACA	845.320572917354	818.8714409721249	841.3761545136354
PRKACB	419.32159722269364	415.60217013936756	447.76518229187485
PRKACG	729.7705381940626	731.054609374625	752.1894270837395
PRKAG3	1338.2407204853541	1289.5362673609586	1260.9646701386255
PRKAR1A	4299.8290017342515	4510.4225868064605	3680.8807204844493
PRKCB	430.76223958347913	420.40506944506865	456.6023350696479
PRKCH	374.7063194449604	384.692387153252	411.0150086804792
PRKCI	1437.918107638406	1488.8804687496975	1768.161657985489
PRKCZ	6171.636866320448	4019.729097221896	4950.035651039771
PRKD2	556.850564236375	534.5861631945271	538.7019184020002
PRKD3	648.0659982637604	707.8748871527812	675.1417968747187
PRKRA	3411.4798090276454	3257.267144097187	3467.2242100690623
PRKX	1206.5328906244058	1236.8692708329477	1357.856440972198
PRL	1377.030373263354	1340.9360763874995	1324.30156249925
PRM1	3399.338151041605	3197.0634201384787	3456.179618055125
PRM2	3882.5199392355726	3555.449505208312	3895.989401042687
PRPF4	1826.0704166664275	1806.293428819428	1900.4443923605838
PRPS2	844.4792013882185	834.1567795134688	808.9984201388957
PRSS50	1116.4397656254168	1130.7659895825516	1094.4108854164165
PRSS54	1061.1667447915934	1086.8224131935729	1058.8561718750207
PSCA	1258.026944443906	1323.2927517361873	1187.2421614584057
PSG1	1001.7370312494164	1013.6293750001976	948.2461284723335
PSG11	1505.14888888851	1575.9371874998235	1428.1990538190837
PSIP1	3201.0258593750423	3270.460104166959	3964.4902604170215
PSMA6	2012.9324565958646	1771.4145659721564	1688.6854774305307
PSMB10	1387.3909027774173	1425.0958593744376	1387.5113194443338
PSMB3	2155.50875000001	2225.90697916626	2128.9362847224374
PSMB8	1144.0337065968017	1156.3205034722605	1110.7391145830416
PSMB9	2199.879383681011	2225.827013888615	2311.0334027774375
PSMD4	3083.4469444436663	2965.078350694875	3646.173819443886
PSMD9	1362.8530034712705	1445.576319443	1339.7182552076156
PSME1	1299.8287326388227	1589.978611110407	1363.1975260419897
PSME2	1349.9957378473541	1254.817343750271	1230.4195052077496
PSME3	1539.9439236112296	1695.9794444435836	1515.160581596292
PTEN	731.004982638927	723.4787934026771	762.5348437502292
PTGDR	588.0981857633647	570.6730642356459	596.3798263883438
PTGER3	872.4530121523128	819.3743402773124	886.6425347220106
PTK2_iso1	2082.307196179875	2041.354496528292	2155.059557291948
PTK2_iso2	2989.605876736376	2916.2561458321666	3122.3072569441974
PTK6	1487.6220312499793	1508.6907725691144	1487.3913020826258
PTK7_ext	2096.0967013894797	2052.5447395826677	2202.0132031259373
PTK7_int	2148.905243056802	2278.1454513893955	2317.707404514396
PTP4A1	1307.1737239577506	1293.2326388879064	1364.338784720635
PTP4A2	1053.0574045131666	1016.7213802075619	1027.9125173604166
PTP4A3	1582.6067447922815	1551.074045139229	1576.2584635414898
PTPA	1068.726328124198	1046.1980468746253	1101.8687673602708
PTPN1	2582.6132378483444	2554.2278472226253	2446.092960069948
PTPN11	972.5031944434793	924.519774305198	941.97928819475
PTPN2	1011.6542447913537	1022.789027777604	998.4784374993229
PTPN20	1003.1124131941452	1054.7070920138854	911.452447916302
PTPN22	1248.12987847224	1244.195520832218	1298.4982986113337
PTPN4	606.2956857635937	606.4819791664687	656.4934809028125
PTPN6	1029.0279774306773	1051.154513888968	1088.7073263883851
PTRH1	1630.1251388889693	1580.2777343748548	1616.210338541323
PTTG1IP	838.2465798605832	879.4627777779999	773.6232465269894
PXK	2237.2577777771453	2060.1788628476875	2383.456067707438
PXN	1677.548029513168	1534.8184635412915	1539.1646006943013
PYCR1	2203.6120486101663	2429.694609374407	2049.822534722198
PYGB	887.1329774306249	886.3214670139481	896.5621354165105
PYGO2	2444.145208332802	2299.706579862604	2110.334296874959
RAB38	1396.7511111118647	1345.3166840273327	1308.9873003473654
RABEP1	1808.2774218745312	2098.9196093756877	1587.0664930549162
RABL6	1837.4694184024693	1591.7339062493022	1881.1101736104583
RAC1	955.4596961802913	930.7994357638544	968.0831770830309
RAC2	1858.2603559034683	1748.3839496529276	1778.331232638729
RAD21	1255.752526040938	1262.4630989579264	1268.0040538186045
RAD23A	1343.9490624994685	1310.0057899305314	1339.3735763887287
RAD23B	1555.4915277770003	1193.5042621521247	1153.441484374698
RAD51	913.0113975689895	910.3786718743748	948.9575173610729
RAD51B	975.4922309028539	1023.9195920137187	1012.1531510408331
RAD51D	4385.231206597751	5021.940833330228	4173.602534722094
RAF1	904.1651562497709	886.3239843747602	956.1184809025519
RAG1	1224.495225694177	1212.825416666188	1249.9505989578338
RALBP1	1129.7922829854274	1044.175894096552	1073.224409722
RAN	2046.24183159749	2222.075026041844	2012.639809027792
RAP1GDS1	599.8466059028646	591.0175347225208	630.005659721573
RAPGEF4	738.4462239585416	741.7847135417084	773.8086458331561
RARA	999.2973871525626	1032.5898090273024	1013.3487760415939
RARB	1029.1693402770104	1009.188151041052	1013.2481076384793
RB1	1903.8556597208747	1654.583993055854	1826.862317708344
RBKS	1617.7647569443545	1502.9545659723858	1439.0276388882394
RBM28	1203.7612847217501	1198.2316059018237	1243.2389670139278
RBM46	1406.6583420137079	1553.9248350697403	1327.1876649307183
RBM6	1476.4838194444378	1519.6581944437503	1466.140329860979
RBM7	1168.1031510420628	1172.353993055292	1220.0212065975938
RBMS1	1416.7891927072812	1434.5617621531676	1340.4527256941146
RBPJ	12599.323289929276	15660.618454861667	11240.210199651754
RCAN1	645.7050434027668	654.5817187499166	657.442031249354
RCC2	1233.5670225690628	1200.7452517354693	1233.1079774297289
REG3A	1496.8900694439274	1492.514409721479	1462.5572222221458
RERG	1303.2231163188947	1270.7246006938856	1274.3275868050523
RET	439.74757812514684	448.6564756948479	455.0760243059708
RET_ext	1784.6477690972185	1805.536154513844	1793.1364409715102
RET_int	1569.7174739581142	1526.304184027739	1558.0835850691358
REXO4	1312.954626736635	1330.3837499987605	1347.9159027778123
RFK	1196.2317534717279	1149.761388888823	1164.090060764344
RFX3	3245.6848784722615	3059.138194444854	3113.318723958615
RGS5	1502.0309809038222	1383.022829860896	1507.0973090275845
RHOA	942.9914062497497	928.0088368055208	935.4492187497084
RHOB	749.8689322914792	758.2008333334269	725.5733940970312
RHOH	1843.1633420142089	1872.7947222218231	1896.4820746525827
RHOT2	1099.1585937509171	1118.866154512698	1061.4055902779899
RHOXF2	3272.8126128464896	2863.1989322928653	3229.3604600685953
RIDA	1116.5391145838641	1047.8982118061037	1011.1786197911358
RING1	2739.2427517359793	2896.0667187493123	2835.9360156248026
RIOK2	2360.468732638677	2516.092986110219	2587.8885416670523
RIOK3	2554.513159723542	2552.5817708328327	2529.559288194823
RIPK1	1384.208506944593	1463.6126736111664	1467.6978038183438
RIPK2	1247.5289756939585	1340.729218749698	1263.8080555557078
RNASEL	1129.4860590276771	1106.810876735865	1122.45521701377
RNF38	877.2272135420312	874.5852690969583	887.6251736111042
RNF40	1116.5500954858119	1121.5563107626876	1105.9006249997087
RNF6	833.5160243055208	818.7010069438854	838.0642187497397
RNF7	1548.3444357637602	1460.3587413193022	1244.3541493065622
RNGTT	995.2815017359577	995.062526041229	985.0780729168225
ROPN1	816.7945312498022	773.2043836806666	782.6689583336456
RORC	2651.8140798617815	2570.359887153198	2795.502873263
RPA2	3780.2258506959156	3850.6236979163327	3375.5226736095938
RPL10	1042.6947743053227	1039.3378819436352	1014.7272395829893
RPL10A	1051.3238020829685	1058.571866319052	1064.5167013882397
RPL11	1281.8564062490827	1267.7381076387287	1235.7761111106981
RPL13A	1305.4457812492922	1327.3690972220727	1323.627812500115
RPL15	1040.1583246522391	1045.222126735749	1055.8073784724372
RPL17	1867.5935850691153	1828.1334288194375	1879.3766493046867
RPL18	1095.6659201377392	1098.1735243047287	1075.4094965269064
RPL18A	1581.9939236113019	1525.4325694448235	1572.6311718753745
RPL22	608.1246961799479	608.5811284721874	636.4534114579061
RPL27A	844.214366318729	857.1369184025834	839.3771267360626
RPL30	1154.5057638885937	1216.4340364579582	1253.236059026802
RPL31	1073.9952517359584	1075.0605295139896	1058.8523697910723
RPL32	861.0112152778019	874.3108854163647	900.3935416669063
RPL34	880.9295312491873	887.4496788191044	864.424001735875
RPL37A	848.4787326391978	838.6109027772812	831.15082465225
RPL5	1244.9947656249276	1173.1152517352075	1237.5375260419376
RPL7A	1307.13322916601	1317.0831944441773	1286.9513975693235
RPLP1	2533.7246180555944	2773.6697135412496	2416.35663194425
RPS15A	1153.4604079849482	1138.4355989579585	1116.4487326384167
RPS2	827.4239670132604	814.9296180552603	840.5619444440625
RPS27A	1485.034314236218	1468.7651822908433	1460.8577690973852
RPS6KA1	1030.9931857633235	1103.141710069302	1184.3228819442604
RPS6KA2	530.8040711800792	518.519522569127	554.9345920136375
RPS6KA3	859.0580902780521	865.4771354166147	897.5039062495102
RPS6KA4	1478.1004600695521	1514.428420138511	1509.1161718743963
RPS6KA5	1037.986414930761	1033.5421093747914	1043.2915538192292
RPS6KA6	682.1617013890208	689.3295486106875	697.4940364580522
RPS6KB1	2841.4340277779584	2451.0482378476772	2653.2708940970524
RPS6KB2	2868.5912760413225	3196.8176215261983	3057.4463020833755
RPS6KL1	1568.8022569437917	1574.0803124999786	1611.81934027823
RPS7	476.1227170133396	485.5498871527416	501.9375520830199
RRAGC	2032.322126736615	2147.6672135410317	2156.0284635405515
RRAS	955.4326302078334	950.566449653135	964.4945920135523
RRAS2	1261.3687152781768	1259.0319618058645	1269.2801562495838
RTFDC1	1653.4554687494897	1714.855928819802	1720.3181510425009
RUFY1	1427.0682552092812	1659.6721701390422	1463.9837934031561
RUNX1T1	1795.7575260414799	1871.2940364586248	1899.1909114576147
RUVBL1	1469.9627083331043	1465.4481336806662	1513.158645833938
RXRB	3471.9715798610837	3299.7419184035107	3545.4435937506873
S100A6	1088.303993054771	1030.5134722215312	1003.9796006942914
S100A7	1448.9623263895949	1374.2225347216042	1298.2735329859065
S100A8	1240.2310677091352	1208.0760069439684	1146.0221527770614
S100A9	1286.6422048606041	1268.2709201385308	1208.989010415895
S100P	2002.8169184028966	1794.070625001167	1708.10471354226
SAGE1	1373.976362847032	1351.6808767355733	1390.3294704861144
SAV1	705.2558420137397	691.3871701386979	724.3648611106041
SBDS	871.7492100699583	887.9924913199064	906.856197917052
SCAND1	2409.6349392363954	2774.5533420131346	2592.7727951394386
SCEL	1137.574548610771	1170.135277777291	1164.8472743052505
SCFD1	896.1208506941042	896.6890451374896	895.1749739587397
SCGB1D2	1435.0752690965414	1592.0967013885836	1355.6154861112504
SCMH1	1697.31205729149	1682.6527777776046	1718.1684982642598
SCP2	1358.474253471688	1410.970503471948	1328.3112152773026
SCYL3	1770.5136805550414	1758.321996528197	1668.8471874988436
SDCCAG3	1255.031510416032	1245.695251735854	1176.0021701381659
SDCCAG8	2293.4988107642703	2027.3452083334898	1975.2931336794588
SDHB	534.0068749997916	530.4209548609375	552.3856857636907
SDHC	2165.9558072917916	2086.4080555556357	2233.2319444455525
SEC14L2	1567.801970486459	1670.2509288190636	1449.8103732634897
SECISBP2	1403.465208333375	1367.1324218750106	1429.0602777780416
SEMG1	1750.211701388646	1632.176293403146	1599.4313107639998
SEPTIN4	2673.3423784716974	4013.958012151594	2885.7591927090834
SEPTIN5	1922.306388888937	2001.685564236511	1857.0581163190632
SEPTIN6	676.140607638	679.0155902776771	689.3904340277812
SEPTIN9	1369.7338975688754	1276.298732638739	1406.2721180560832
SERPINB5	1834.8141927092295	1772.3895746532194	1931.7443142363336
SERPINE2	1341.6195399300416	1396.827881943521	1336.373315971511
SERPINF2	1061.2630989582078	1109.7236111107295	1045.7067013883952
SET	1182.8988368048856	1111.0890451385833	1076.792656249406
SFN	1060.748385416667	1005.9511631938752	978.6909895826146
SGK1	667.7228993060521	659.3372048608542	710.1354861108749
SGK2	1245.8854340272705	1188.1528732638235	1200.8348697909478
SGK3	402.32489583371245	417.8425347226249	436.1239930559124
SGO1	1267.2685677082607	1261.4041059030314	1273.410486111552
SGSM3	1214.037760417115	1372.8508159719063	1121.066276041104
SH2B1	1092.5777517355207	1070.850355902594	1128.1263628471042
SH2D1A	1871.7578385432082	1942.8117361110208	1985.7824565966564
SH3BGRL3	1384.2080381933436	1346.4594618044682	1323.5416927076142
SH3GL1	758.3338368053502	979.5744531244227	1092.66153645748
SH3GLB1	955.2281076381669	951.6821961803854	977.7948090279789
SHPK	1660.4435677091665	1594.9586111114054	1526.674166666281
SIAH1	1378.2979340284994	1403.8592187495628	1336.1549045135941
SIK2	1465.2375520830522	1480.557118055615	1540.8216319433648
SIVA1	1471.2515538192613	1503.940590277616	1443.2004947920836
SIX1	2037.1751996529792	2053.6418749998124	2130.994166665729
SKAP1	2701.9350520832395	2373.484201388698	2440.3649392355724
SLA	408.44914930605927	391.4912934032292	422.2242361113374
SLA2	1100.549210069531	1088.8376909723854	1047.4638802072504
SLC25A6	907.9916059025314	906.044539930583	895.8776822917708
SLCO6A1	907.8479947911248	862.5111718749375	875.7582291659686
SMAD2	1468.9186631943548	1357.8855381942085	1481.4819531245826
SMAD4	3028.622795137688	2368.6488628466664	2306.2650086807294
SMAD5	1396.7669618052184	1384.5691232631868	1440.4224826375
SMAD9	1261.676085069157	1241.1907291669577	1304.1147656234166
SMARCD1	1187.6650868056245	1178.815946180302	1200.213229165208
SMN2	1007.6810156251458	1000.7371006947398	1010.7840277780625
SNCA	936.5224913190519	931.6192534723231	901.1571527770001
SNX6	1009.9069010412815	1011.775668402958	1012.3867361113125
SOCS2	1353.973845485573	1312.0253038185417	1378.4073697912604
SOCS3	844.7009027777814	835.5433940973958	851.4352343745834
SOCS5	759.4831597215208	760.0429947917397	801.8315277785623
SOCS6	1159.060043402916	1147.703038194073	1204.1288281241248
SOD1	987.0140711797293	914.1026041663856	948.9039583332295
SOD2	1302.1532378467502	1301.267126735094	1249.230529513198
SORD	510.18323784706865	459.0130729165146	468.1697222222707
SOX10	3246.064375001405	2874.2389843747496	3421.1554166647193
SOX15	1436.1012760413964	1322.3378819444263	1377.6198177080623
SOX2	2436.6435243055726	2689.3522222238335	2591.3128732629903
SP1	1201.9717274296563	1140.0622569445518	1135.9904947907605
SP110	1848.4207118057295	1842.0361718756565	1953.976258680604
SP2	1616.9082204853435	1558.4108072906763	1720.6858940968443
SPA17	1057.9545746521455	954.4180555558017	998.0499305555835
SPAG4	899.2421527775414	893.1290885416247	833.7535329860312
SPAG9	1405.2246527770205	1417.1488368057394	1369.8016666659373
SPANXN1	1380.2329166654172	1485.8544791666566	1353.453628471198
SPANXN2	4889.463576386542	4479.194218750272	5138.872387154655
SPANXN4	459.75361979174573	455.06591145859375	470.6880815977459
SPARC	1204.4105989579787	1224.0823697918647	1214.1688368049377
SPARCL1	1130.568203124531	1119.8513281248445	1149.1917968740731
SPATA19	481.2011024302	463.14550347208746	472.7418836802333
SPATA25	1849.7371701385116	1977.0736979169064	1589.308715278219
SPDEF	2178.0823177079897	3503.489131946001	2722.2823784715
SPEG	1511.3600086803335	1519.2108072914684	1515.1539930552603
SPG20	798.3542795136875	794.1634288195936	812.8463628471354
SPIB	705.8737673613125	694.5397482635	730.5648611107918
SPIC	1749.2563107645944	1778.628784722187	1772.3045746521977
SPO11	2041.7977951395108	1907.7974739586043	1996.3101215276986
SQSTM1	2274.071970486104	2459.546189236208	2165.3107291668434
SRM	1958.1151475685524	1652.772664930957	1432.1794878470523
SRP19	1249.9169184020518	1271.026605901823	1262.631657984823
SRPK1	2659.648281249542	2672.0201128470517	2924.112213541479
SRPK2	2437.011848958302	2376.2363020834687	2717.1070225696053
SRPX2	891.732213541906	907.5190798605312	861.6810069443334
SRSF5	1876.808307291136	1896.6220225694062	1988.1817013894788
SS18L1	753.8066493062187	763.9442361112292	772.0768836805312
SSB	2143.5771006934156	2707.207239584398	1830.5590104164685
SSBP4	4552.007447915417	3829.7715798607596	3830.65572048551
SSNA1	2212.9914062499997	2288.6482812495524	1946.447274304385
SSX1	710.968585069448	718.4995312503229	763.8602083333541
SSX2	855.8502517354167	693.740703124802	762.7315104165313
SSX2b	1212.9941059021662	1166.281588541302	1119.442335069125
SSX3	1153.3959809017806	1178.7232552074265	1152.8044704858958
SSX4	899.6212413192814	892.4218836800208	939.1802343745312
SSX4B	1266.7545572921356	1224.883949652594	1219.0266319436662
SSX5	973.581067707854	953.1302777773018	979.5166753468117
SSX7	985.4885850688022	931.1574045130727	970.7762586803228
STAM	1183.5783767362707	1410.656241318333	1570.5622222222191
STAM2	2971.6389843725005	2356.6382725695626	2461.44073784675
STAP1	1717.3937239579477	1711.4809635427607	1726.067230902823
STARD7	916.5943402773231	1010.9356944452289	867.7330468745835
STAT1	998.505451388469	1007.2399131939371	1142.2550694443023
STAT3	872.7711458335626	920.9977083336768	879.9572222214064
STAT4	1621.4312847215415	1266.9363454860625	1391.4748350695622
STAT5A	762.8990104165521	785.6396701389896	827.3172395832917
STAU1	1983.3892361115945	1913.7118836799166	2051.777335069458
STIP1	1248.5071093746144	1633.4691579858752	1325.3810590282187
STK10	1424.1904600693651	1381.5041493057709	1705.9299652774787
STK11	1953.1043576391353	1881.1326302085627	2139.2946093754067
STK16	2046.0418142366261	2047.2764149308232	2013.0903906241563
STK17B	1858.9094618048127	1930.9142447920722	2022.1752690970523
STK24	3218.3416753480633	3214.912656248896	3109.165998263645
STK25	1966.9823437497614	1897.2039496528232	2327.8779600684375
STK26	1463.8006510407288	1336.5457118059894	1377.0536718752398
STK3	951.9172569451042	1163.249409720792	883.4422309024894
STK32A	1397.0144704857605	1449.7113194447606	1386.870659722521
STK32B	874.9007031243855	863.3013628467708	914.0195138884791
STK32C	1949.8811631933863	2001.4588715282607	1943.850590277406
STK33	2786.9417100697606	2822.2920833329895	3169.6957378467305
STK38	1728.9664236112606	1863.7618402769997	1716.5476302073746
STK38L	2383.4665538197714	2541.1305555565004	2405.2349045141145
STK4	865.0055555554998	846.2003472221978	834.6812152777709
STKLD1	1398.2684201388538	1412.4241406249803	1419.6294444440514
STMN1	1640.089947915698	1632.0917361104375	1563.2397048613545
STRADA	561.9432812501667	551.1724479155938	557.3422048613959
STRADB	1239.470468749948	1240.645052083416	1299.060095485771
STUB1	1843.710026040854	1776.4812586803434	2141.862829862
STYX	1700.783914931656	1643.450911459114	1670.3399479160107
STYXL1	1236.5797656245836	1237.3842621520607	1215.6433333321563
SUB1	2769.4526388905524	2636.8934201392185	2274.599496528291
SUCLA2	1087.7324045136563	1116.5155295138125	1075.303697916302
SUFU	1748.1536371532818	1898.956128472251	1692.8838281246672
SUMO2	1645.8933072917914	1510.9415624998123	1605.977977430469
SUPT20H	1001.4808854167495	1013.8716666665106	1025.991197917292
SUPT4H1	2365.027482638792	2364.052196180948	2368.019791666177
SYCE1	1121.638411458625	1082.5164496518958	1495.8106249986454
SYCP1	1404.1670920146244	1369.1127170128539	1369.0296267360523
SYK	627.8784548609478	624.1430381944897	668.2220572919687
TACC1	4209.729618056115	3655.896770833666	3378.6994444447387
TACSTD2	1547.9296006937402	1583.4824218747501	1436.7538020831357
TADA2A	1620.3322048610735	1718.862656250219	1619.6372743054064
TADA3	1240.0149739583537	1181.919296874229	1212.8932638888023
TAF5L	938.0029513888854	961.0321527775833	877.0802690974476
TAF6L	1750.8138281251975	1727.3750086800835	1841.2689670134791
TAF7L	1716.6061197921256	1634.4095486111983	1697.0545312491358
TAF9	2261.768133681145	2139.2349305553225	2296.4168750000736
TAGLN	1303.39747395773	1249.873029514198	1236.5534374997706
TAOK3	1755.4491927079698	1853.187994791802	1904.6865538186464
TARDBP	1622.726032986312	1627.8867013881559	1595.2026562501878
TBC1D2	1662.0265451386047	1729.9107031248234	1648.9461284713852
TBC1D5	957.1938715274065	982.0269270832397	958.2004513884477
TBCB	2323.6089756936985	3806.4451562517706	2221.551154514261
TBK1	1539.5583246524268	1516.0866927078023	1563.138151041458
TBL1X	2607.146927083886	2677.557968749208	3323.463368054075
TBPL1	3175.4059548604687	3130.6271267364277	3392.7274826384587
TBX5	1153.3824479170312	1053.9048784718857	1168.919366319021
TBX6	1946.187248263834	1915.067465277365	2045.1524305555
TCEA2	2068.2562413199375	2152.176258680219	2388.9890277774994
TCEAL1	2841.4524218757806	2578.693593750115	4230.361354167135
TCF12	234.12583333308143	238.71896701365108	255.43861111088646
TCF21	1423.7940017361768	1421.0213454851983	1447.994887153
TCF4	1766.0189062497723	1522.92605902825	1536.3518055557502
TCL1A	894.4943489585727	838.3254861107913	812.701371527771
TDP2	1715.6819357638228	1617.2939496525523	1742.7959895836661
TDRD1	1868.1889670138228	1911.9058159721044	2037.022421874979
TDRD3	764.4065972221458	750.83563368	764.3858246525625
TDRKH	1937.0408940969378	2055.4677083329993	1897.7672482635626
TEAD2	1864.514053819385	1866.5146961802188	1935.0791840277823
TEAD3	2111.0294531248956	2088.4530729169996	2242.9971961813853
TEK	977.550850693855	992.0400781244166	1027.980763889062
TERT	1074.4150868048437	1081.2256597225619	1076.305538193062
TEX101	2527.4389756948553	2618.4380034721353	2074.310043402844
TEX14	1071.7984982631137	1055.6905034719791	1041.317543402375
TFAP4	2718.416432291511	2596.304904514302	2859.936597222407
TFCP2	3614.6476562482503	3540.226901041271	4065.071640622688
TFCP2L1	834.6257638890311	835.0974999996668	834.1095486108544
TFDP1	1553.1774565972287	1501.193871527198	1609.019904513729
TFDP2	1746.9626822917814	1773.147083333115	1802.7826649304793
TFDP3	1800.6391927079378	1725.9669791671142	1734.9607899299895
TFEB	761.3309809027916	759.3975607637708	788.0449913194583
TFEC	2097.03778645849	2129.1278124995	2189.3612673609064
TFG	1612.3781944445516	1620.478098957802	1436.699227429969
TFPT	1677.6243142367807	1758.6414496538132	1891.3715017359054
TFRC	684.1873611108646	694.2634114582083	717.6719444440938
TGFBR2	726.343012153125	734.7332465277395	684.1513802082916
TGIF1	1523.5078645834055	1498.9297569440414	1556.3623611110738
TGIF2	3712.038888888958	3633.5157638874375	3765.4146701395
THEG	339.89707465283965	332.0912847222407	337.14887152782717
THRA	4233.1182812493535	4074.6077951391053	4506.792951389167
THRB	1031.3344618051979	1019.8061892357914	1033.819887151989
THUMPD1	973.2556510418644	988.7042881944477	1014.7620833336454
TIE1_ext	1041.9198958326247	1046.1310937494688	1008.86875868025
TIE1_int	1303.400538194365	1293.7689496527596	1271.1557204850628
TIMP3	1546.8755034727817	1552.97036458349	1582.6014236122812
TIRAP	1091.6061631945206	1203.234939235979	1114.7760937494788
TK1	2218.4632552076773	2230.894227431187	1974.5696180563957
TKT	1152.671206597177	1453.064027777937	1067.7694618049272
TLK1	1099.8851215270206	1020.2036458333229	915.6656684028019
TLK2	1517.4288715283965	1572.1173611115726	1565.6947482631037
TLX2	1469.202039929781	1446.2969878466672	1517.9592968749162
TMEFF1	1133.2796180550413	1095.6899305559584	1088.8859895829685
TMEFF2	1061.8049565979063	1016.821015624865	897.3161371522916
TMEM108	1075.9198871529056	1070.9388194439796	1061.5854253472396
TNFAIP6	1491.2869791668543	1476.7679166668017	1530.3103906253443
TNFAIP8	1280.70585069399	1285.737473957635	1219.1275260410625
TNFRSF11B	1545.0495920140525	1510.5858940979685	1506.7770225686254
TNIP1	1717.3991406242399	1888.2682465281257	1647.8675868056248
TNK2	1995.9256597221045	1940.2691579866253	2033.4178993059272
TOLLIP	906.0049305551041	885.7647048613852	898.9754774309063
TOM1	1455.7397656255316	1444.3355034727606	1432.515677082438
TP53	7952.588958333127	8008.87708333369	8553.427673605625
TP53RK	952.3190451384789	942.1967274304691	1003.2989322914063
TP63	2044.3507638893966	2278.589626736886	2006.3617621525627
TP73	1304.4579166662716	1326.1625607638334	1243.303437499927
TPI1	1320.9759809019058	1275.4129253467704	1192.0120312499787
TPM1	2985.437690972042	3794.1050607631555	2867.855104166896
TPM3	1569.244583333697	1265.450112845917	1420.1869097206663
TPM4	2136.3232986098005	1667.0930729147183	1419.980434027646
TPTE	712.4051388885625	687.9764496528124	709.2213541672917
TRAF1	3085.528715276	2958.8683940979067	2639.9356249999487
TRAF2	1267.0383333330524	1299.3452604163224	1392.5488368049064
TRAF3IP1	2752.9460937495314	3068.69178819475	2908.764652778072
TRAF4	1083.9430642358745	1056.759010416635	1110.0374565970308
TRAF5	916.0775607634788	914.2137934022815	937.6586545136144
TRAF6	547.1979687499021	560.2725694441355	568.1729600690834
TRAIP	1243.896883680802	1262.5155208329481	1263.2842621521359
TRIB2	4581.396180555251	4864.835503473333	4359.217447916667
TRIB3	1584.8085763887807	1645.5967621531145	1548.2909114580937
TRIM32	2192.1113368052183	2119.053402778052	2266.168567708958
TRIM37	984.2454947908016	967.0464670136247	955.6939756946459
TRIP11	1154.6917361110104	1165.7618663191454	1183.2690017351358
TRMT10C	1380.959539931021	1333.1601996521247	1348.6281510422814
TROVE2	1452.5714496521873	1390.686458333031	1448.8320225688433
TSC22D1	2049.5713975697813	2137.6309375000624	1840.161128471678
TSC22D4	2859.483750000604	2909.9564756946984	3060.5274479166665
TSG101	1124.8553038187292	1095.218498263708	1174.2953645826667
TSGA10	2446.8018142356873	2506.339982639448	2840.8356684036557
TSPY1	2992.765138888626	2902.319678818333	2556.9639322922812
TSPY2	2287.052630207928	1977.4436458339694	1832.6563541669277
TSPY3	3937.349435763312	3275.646293402396	3470.418645833396
TSSK1B	1461.4937239579588	1479.470633681396	1508.092439235834
TSSK2	2516.5839409733644	2516.4538107635517	2665.359140625323
TSSK3	2046.1527517353854	2136.5880208332705	2108.8835069454385
TSSK6	952.7752864574378	907.3341579860623	1018.4855121531873
TTBK2	800.6559288190625	805.1622222225624	808.6658854164166
TTF2	1943.4851736106664	1879.0664930563028	2150.888611111
TTK	1294.9016493051245	1304.4684374991457	1342.8193489577611
TUBA4A	1302.8665972225626	1275.087725694188	1316.3967013889373
TUBB	1255.8041753468747	1257.7914236111353	1247.6418576383128
TUBGCP3	903.9906770836668	914.7762239583224	928.5353385408645
TULP2	1982.0154861115	1854.3370572917293	1961.04564236001
TWF1	734.0647395830208	694.2190885416562	690.6762934024166
TWF2	943.9522135423229	962.8205295133749	934.4467795135932
TWIST2	3158.288593749458	3589.357664930241	3650.155763887334
TXN2	1017.1233767358223	1067.1677690964996	959.6259548605311
TXNRD1	1383.8163281246668	1374.3700781245936	1424.1564062485936
TYMS	1176.951432291177	1152.9897482634794	1137.1942621528328
TYRO3	639.2530555553958	638.4419184029271	620.4319444435728
TYRO3_int	1291.2723524296882	1268.142135416833	1313.7064930550105
TYRP1	820.0934982635521	810.4667187494897	780.9616059027811
UBA1	1282.859062499083	1290.6609548608235	1316.3994184024275
UBA3	1267.2679253469162	1254.3249999988643	1240.5662152772913
UBE2I	1579.723046874531	1560.9859461798646	1432.4540538186143
UBE2Q1	1241.2181163191979	1185.540624999875	1141.2430815962914
UBE2V1	1265.8112586796044	1180.043637152791	1156.4726388886977
UBP1	2236.3165972220736	2149.7336545135004	2089.028038194625
UCHL3	1320.1668402778953	1279.899331596635	1295.143967013313
UCKL1	1515.0512934023543	1459.7295052087393	1724.5448958333754
UHMK1	1253.6152430559375	1266.4257118061148	1219.3192968735634
ULK2	1217.33673611076	1201.5126909718433	1246.9826649300933
ULK4	1524.152881944563	1412.7484635410312	1545.5588020828325
UQCRC1	1678.06239583325	1695.8084201395104	1720.2300868058965
USF1	2168.4732204866045	2088.3876562501973	2231.695911458896
USF2	2112.9380555560106	2081.552769096979	2018.3926822933013
USH1C	2572.233680556062	2995.456145833104	2656.585251734812
USP10	762.8485243053021	707.4285850690417	718.5816059025315
UTP14A	1363.4426909725732	1445.911736110479	1425.6036284715206
UXT	2082.98467013848	2291.039565972209	1998.6137152782292
VAV1	1223.591032985698	1245.6185590273958	1265.7356423605315
VAX2	1607.7512499997292	1611.389756943729	1726.441649304771
VCL	790.2307031249271	810.1891406252604	802.2421527779167
VDR	2319.462352429677	2227.536718749718	2114.7920572922085
VEGFB	1760.828281250177	2177.162777778031	1848.674565971573
VEGFD	2111.892881943281	2074.3993576395624	2141.3638888889063
VGLL1	2239.217500000386	2148.298064236271	2371.253472222094
VHL	653.5951996526667	657.6544357640208	677.113880208323
VIM	3262.5925086798234	3728.804791665802	3119.476901041177
VPS45	765.8546961806146	766.1441493055312	764.9100520834687
VPS4A	1508.0902951399064	1554.0975260407918	1437.231536457552
VPS54	969.5092534721671	982.4098524301876	992.3679513883853
VPS72	4155.753420137438	4031.422916665896	4524.061241319458
VRK3	1002.794227430135	1000.9457638886664	997.3926649305828
WAS	854.8562760412603	858.0182986112186	868.2422743050207
WDR45B	949.5345486110311	961.430347221927	921.1019965279685
WDR46	1009.8500694444684	1007.8465364580418	1034.736519097135
WISP3	816.5178472216769	811.473784722125	805.6126822913853
WT1	764.5609374998542	781.0148437505105	812.6416493055312
WWOX	701.6133333330833	711.5919444442187	724.5987499998855
WWTR1	1967.8732031250727	2076.6893142355725	1907.430894097553
XAGE1A	3277.2744184027083	3268.034505208	2918.8508420137814
XAGE2	895.5338281241876	964.6964756947084	862.480598958479
XAGE4	2551.2336284722815	2612.698715278865	2549.358967014219
XBP1	2179.089774304188	2236.021710070365	2269.906015624938
XIAP	1244.6793142360523	1133.2616579859375	1165.7391145823015
XYLB	1017.9290364578435	1008.6980034720627	969.7575520828644
YARS	1094.9426215270307	1108.3522222221975	1117.0170399310728
YEATS4	1929.254817708969	1743.923133679906	1784.981223958438
YTHDF2	552.4359722214688	537.8200520829375	554.9133940975834
YWHAE	1432.215538193719	1119.2974565967502	1266.3342621524366
YWHAG	1411.8609027778532	1329.3197048607701	1296.5757204856252
ZAP70	1119.2282031247914	1110.4303211806139	1179.4472569441562
ZBTB16	5917.205069444479	7087.398949651627	5211.100642360899
ZBTB25	4260.186961805145	4216.4078472225	4410.2010763892085
ZBTB32	1663.4174305548327	1360.7274999993026	1631.095972222522
ZBTB7B	1422.4867447913127	1441.0339843749166	1475.767230901949
ZC4H2	5000.975685764231	4266.392126736762	3628.372413191823
ZFP36L1	1628.1187847220108	1609.378949651823	1674.9031076389485
ZHX2	1861.9087152776776	1835.698029513084	2185.680468747678
ZKSCAN1	1852.4083680552387	1690.62819444401	1893.4850781251876
ZKSCAN3	2631.1195312491354	3717.441953124865	3398.832552084146
ZKSCAN4	1552.7535937492914	1494.0962499993018	1527.227343750146
ZKSCAN5	1760.3744184028126	1818.8694965273435	1843.9851649304264
ZMAT2	1260.8565190974477	1637.9045052061037	1218.6242187496769
ZMAT3	536.5894618054542	549.1797222219062	564.5183420137625
ZMYM2	764.5709809029896	817.5971006942707	783.9683940971979
ZMYND11	972.02893229226	970.645685763437	1001.5287326384057
ZMYND8	1157.735251735374	1172.0161631941983	1205.9339149304897
ZNF136	1638.0686979160625	1654.8167534720837	1688.8968402772184
ZNF165	1956.6589062491464	1962.855902777709	2102.3390885423437
ZNF169	1432.6348784722184	1478.1201128463335	1409.9938628462498
ZNF174	2849.964470485583	2742.087144097479	3018.9692621514064
ZNF19	1198.2041753463334	1208.7409374993958	1228.273645833021
ZNF202	1495.8755642359686	1535.50556423501	1557.6261545132493
ZNF207	5239.881336805146	4209.923940971729	5137.1718142363125
ZNF256	1349.662717013875	1348.8380555554274	1400.0008072918747
ZNF274	1487.1699479164588	1493.6535069443853	1559.5689062501674
ZNF276	2221.2367187499794	1995.5029340274898	2420.6897395838237
ZNF277	2089.272369792146	2084.6548958335943	2212.006840278229
ZNF282	1456.4849999994585	1405.0858854162498	1434.403203124937
ZNF3	888.4623350686563	908.1871788192709	915.4294184027603
ZNF323	2169.22825520924	2131.71856770801	2243.511432291292
ZNF331	1240.3931857644577	1253.9510156251044	1222.9806770826146
ZNF346	2448.117152778365	2342.7042534728744	2550.4097656249787
ZNF35	1851.1303211802606	1809.3728906244894	1954.94542534699
ZNF354A	468.68371527838127	473.58779513887504	472.1124479167063
ZNF37A	1524.4691319444269	1516.4915364581557	1531.8218315960617
ZNF384	917.7219965275522	969.9153732641144	958.857526041802
ZNF394	1667.132074652281	1670.1256076394486	1744.3222395831879
ZNF398	1211.8281857630204	1211.9919618054996	1244.4309635418342
ZNF41	1575.7059114581666	1561.4309722213438	1626.335972222604
ZNF444	1791.4493315973757	1583.0640277777397	1686.543237846625
ZNF449	773.7172829864271	763.4285677088855	774.2308593751354
ZNF496	1552.7892534713224	1570.074956598021	1482.743602430124
ZNF593	3760.5233159725626	4519.7170225704895	4186.627690971147
ZNF645	1098.5257031251565	1065.128246527062	1076.9539062495005
ZNF70	2031.8863281250003	2160.4080034724684	2087.7011197917714
ZNHIT3	1476.3023958328124	1396.830781249551	1382.085824652584
ZNRD1	2168.3322656258442	2238.7136458334894	2160.0097395818866
ZSCAN12	980.2803559030516	1116.6165104164372	940.8461458331249
ZSCAN16	2891.760546874615	2713.210477429886	3035.362491319364
ZSCAN18	2270.8647135423444	1832.3677604162501	1924.6606336813752
ZSCAN21	1348.2250086805939	1349.2707031245832	1388.3519618049372
ZSCAN26	3492.1468923602083	3474.835486111625	3793.16467013875
ZSCAN9	1507.7751215281467	1607.8357204865626	1515.8806423605522
