	coef	cohenD	pval
A1BG	10.0870572918231	-0.0632754788543764	0.777944454757557
AAK1	-167.750373264042	0.278956572149708	0.21593514532536
AARS	-33.3414062500936	0.318877078811163	0.157840673611551
ABCF1	-63.9437760420106	0.441826670149071	0.0517013848398269
ABCF3	-136.910564236542	0.290547777467901	0.197644757116537
ABI1	-23.1898784724271	0.191044323435559	0.395513078882257
ABL2	-122.239739582802	0.334638273659072	0.138546549498236
ABT1	36.221762153437	-0.154840294200241	0.490700671392438
ACAT2	67.44677083348	-0.145394582086482	0.517457933369481
ACPP	48.4400781252083	-0.422298240080439	0.0626664440025118
ACRBP	150.386666667125	-0.43544421710636	0.0550898597734369
ACSL6	-52.6258593748017	0.360743111488629	0.11071983532738
ACTA1	-40.1501388892294	0.422099849196594	0.0627872007558497
ACTB	66.7060156247808	-0.466532135132318	0.0402106974321385
ACTL7B	-23.9500607638429	0.156848639750277	0.485110816325369
ACTL8	-67.4528559034582	0.391429796014461	0.083959369834557
ACTR2	-124.082256943729	0.570645764902009	0.012664493092494
ACVR1	13.4321440976871	-0.129894324651306	0.562979183844818
ACVR1C	-26.4864756944685	0.221404335475824	0.325162349880778
ACVR2A	329.971753472063	-0.476601716913095	0.0362027926603295
ADAM2	-34.2543489580517	0.156196409836195	0.486922313365803
ADAM29	18.6366579865943	-0.169251203650168	0.451381506722367
ADCK1	-21.3918489579063	0.316340245519417	0.161131359912042
ADD1	-78.1470312499684	0.248623056410017	0.269606767939153
ADSL	38.1506770833439	-0.213550437238502	0.34251476729045
AFF4	-254.57052951483	0.113962858077715	0.611730521729633
AFP	57.2642881955418	-0.413761929187322	0.0680425012105454
AGR2	-25.6834722223127	0.137928167134866	0.539140882136084
AHSG	80.0332031262504	-0.525372979902013	0.0213271773610915
AICDA	21.3160850694691	-0.175946640019607	0.433749694592558
AIF1	28.1058333326772	-0.308019017916798	0.172296656773586
AIFM2	22.1920138887291	-0.25683508407275	0.254230606250973
AIFM3	-0.331623264759634	0.00299382394240224	0.989351798919547
AIM2	16.885668403343	-0.151032595607863	0.501394873454892
AK1	72.2591753469584	-0.278538605514021	0.216617155440074
AK2	-368.882890624876	0.23924282361043	0.28795218952847
AK3	19.8859982638638	-0.0890125388641417	0.691661516052216
AK4	106.030425347792	-0.520165389428379	0.0226033175586146
AK7	-104.468289931542	0.240755453295521	0.284937172846542
AK9	27.939522569741	-0.135134315378552	0.547372141607894
AKAP3	-3.52811631949045	0.0196109368995936	0.930337686640413
AKAP4	30.9788715291562	-0.151751778122082	0.499365403811901
AKT1	-19.201336805272	0.234058832633666	0.298451044043585
AKT3	-12.9237239585937	0.214105939514406	0.341267950328818
ALDOA	176.366076389156	-0.202299200632999	0.368405242981717
ALOX15	13.1811024305938	-0.0890297598656764	0.691604983467457
ALOX15B	36.9438802082078	-0.171496786093342	0.44542236042807
ALPK1	-23.5932118051772	0.28306861340777	0.20930926950696
ALX1	-242.491736111636	0.580076432785763	0.0113212499158723
AMD1	-56.2277777778886	0.538374187538407	0.0184161928225945
AMOTL2	561.710078124729	-0.482437173353626	0.0340427712187841
AMT	-2.73816840246908	0.0203068809512087	0.927872299414199
ANKRD13A	-17.096536458802	0.199071548142578	0.376056007233596
ANKRD45	106.24907986173	-0.0912582349048744	0.684304298246815
ANXA1	-3.70609375058326	0.0355891280167547	0.873954672592122
ANXA11	-11.9857552080108	0.0513273366332437	0.819047897756561
ANXA2	-7.73932291737545	0.0697855827575537	0.755804419017197
AP2M1	-45.7930555565525	0.344233938274711	0.127738986349978
APCS	116.965364583458	-0.549315894574925	0.0162467826160035
APEX1	-54.6753645825622	0.306604825355582	0.174251507171697
API5	114.555043402605	-0.167837155660743	0.455157467963645
APOBEC3G	149.157413194115	-0.240729933985282	0.284987857503849
APP	-46.1434895836139	0.246699452395665	0.273300660925104
APPL1	-108.216197917125	0.142939265878963	0.524537238066927
AR	-25.9211458323554	0.155384475529707	0.48918256717919
ARAF	-62.435407986292	0.443307289135936	0.0509412233639507
AREG	145.558046872917	-0.226319686021203	0.31460418089202
ARHGDIA	-0.121927083338531	0.00127868542287331	0.995451958228005
ARHGDIB	31.7436545140313	-0.213548422796547	0.342519294072547
ARHGDIG	18.2410937503062	-0.186154003175099	0.407665135800033
ARIH2	-1648.48673611319	0.367323564618912	0.104466347255679
ARL1	90.99702256876	-0.629180066359949	0.00619389131124908
ARMC3	-29.5540624997716	0.2632231970281	0.242707317590569
ARNT	-85.3339236109062	0.320275834666588	0.156048584881784
ARRB1	-70.5065277777811	0.645834677626202	0.00501171772111198
ARX	-59.7187760425322	0.113729000736211	0.612460144773324
ASB1	32.2398350696979	-0.324130455338054	0.151191451059175
ASCL1	422.933819438898	-0.274653169248476	0.223032886463205
ASNA1	-187.066076388542	0.114874553512286	0.608889831189314
ASPSCR1	-7.7423350687915	0.0363700609592674	0.871213202937515
ATF1	-6.24052951360421	0.040994016928317	0.855014179706461
ATF2	-117.646753472552	0.264050185334352	0.241243349452532
ATF3	-59.6435937496033	0.352036689312754	0.119452839544208
ATF4	1.49467013848972	-0.0153175472758486	0.945561210432329
ATF5	-99.2265625008022	0.546486390713462	0.0167846711973942
ATG12	6.89340277760413	-0.0669322349458501	0.765484365317761
ATG7	14.0199999994688	-0.0899367776542888	0.688629936088809
ATIC	-35.9297395832709	0.311955013213395	0.166943946279324
ATP5B	-100.060138887573	0.218199742726171	0.332170945943351
ATXN3	88.8706423615833	-0.172403431308187	0.443029389123369
AURKA	-35.3029079861269	0.237812136155391	0.290823992658185
AURKB	-34.7642447916143	0.259416962117599	0.249527346214108
AXIN1	1.7204253469692	-0.0111870219399075	0.960226468351325
AXL_int	-38.6093315965104	0.209303505318527	0.352144887796165
BACH1	-98.6124218739905	0.058068647609406	0.795786446211174
BAD	9.14344618002501	-0.0778961453573634	0.72850671467284
BAG3	2.40910590193762	-0.0222380405046922	0.921034921389905
BAG4	113.016328125697	-0.369849497777801	0.102143171453992
BAGE2	25.1363628473562	-0.149599718559776	0.505451563090481
BANK1	-683.45855902851	0.367015204137197	0.104752862417921
BASP1	-17.8522135406041	0.240511824485558	0.285421304816598
BATF	-458.216770833479	0.238995395084577	0.288447450899507
BCKDK	-27.6844878461039	0.201430012788108	0.370455771156004
BCL10	794.820772568501	-0.603404841183885	0.00853486353071603
BCL2A1	-12.0932725695	0.120673273655746	0.590963855757004
BCL2L14	195.683420138562	-0.481717711882367	0.0343028685553419
BDNF	-22.874626735999	0.183495689138367	0.414364983397679
BID	6.39611979170826	-0.0301147368272845	0.893214024319406
BIRC2	-43.5333072920208	0.447719342501711	0.048732377251368
BIRC3	2.46300347152067	-0.0262578234840543	0.906822310844211
BIRC5	6.6506336807083	-0.0617317419289043	0.783222342039662
BIRC7	270.127829861156	-0.238820578252741	0.288797722915653
BLK	-21.8634461808791	0.212056154378604	0.345883377394403
BLZF1	-47.053151041334	0.47136154411242	0.038242965402518
BMP7	-20.0452690958849	0.164057067878648	0.465340032623698
BMPR1A	-74.404305556655	0.381332313401188	0.0921051475694684
BMPR1B	19.6381944450106	-0.206610773397425	0.358340429164658
BMPR2	6.75179687510832	-0.0972027425995317	0.66497768312186
BMX	-101.676857638594	0.559596645798282	0.0144200177737567
BOLA3	9.42826388915624	-0.0616829493848566	0.783389326361691
BOP1	-7.13033854173996	0.0277227402199575	0.901650158546434
BPI	34.1489322909899	-0.0749503227935471	0.738383052341214
BPIFA1	28.4226388883438	-0.391420011632156	0.0839669655594899
BRAF	-5.09621527870779	0.0210973248544925	0.925073002860646
BRD2	48.3992621530938	-0.515358196883888	0.0238409092572048
BRD3	159.15519097122	-0.158519976131822	0.480485890339799
BRD8	-204.587500000114	0.752605096783987	0.00118684473941042
BRDT	-3.80881076291673	0.0259916918842652	0.907762375524808
BRSK1	-17.199696180396	0.157167139336246	0.484227572378533
BRSK2	-97.9003211804068	0.353223848003539	0.118230615573047
BTF3	-234.362569444582	0.278352313489821	0.216921642938897
BTG1	-17.8277343742501	0.154794313336897	0.490829062497016
BTG3	17.8174999996557	-0.0804672929747388	0.719923856581977
BTRC	-41.0964496534269	0.28224057066873	0.210631311344431
BUB1	79.8676388885531	-0.379683917302766	0.0934944682911037
BUB1B	69.3629513898655	-0.277972297052878	0.217543738866773
BUD31	-36.9459114580104	0.108372677734887	0.629277688564523
C1D	43.4842274310327	-0.218425902713204	0.331673083945459
C1orf174	41.9816753470831	-0.115063622064682	0.608301475181402
C1orf216	15.9446093754378	-0.052028673073801	0.816619910810457
C21orf2	162.910208333062	-0.422382942551901	0.0626149468826812
C21orf33	55.6367361100105	-0.2793259399841	0.215333748508355
C4BPA	28.2214843746981	-0.244844300022069	0.276896381301821
C6	7.36585937590616	-0.1143408218227	0.610552124041019
C6orf106	130.477812500677	-0.439705093303553	0.0528074693164578
CA1	-47.9293315955407	0.276538394833987	0.219902846212013
CA4	91.3715364581979	-0.581704281336302	0.0111028918883017
CA9	29.8373611111562	-0.200939722050599	0.371615612217804
CAB39L	-91.5860503481237	0.330764903888072	0.143107495464229
CABYR	113.854609375042	-0.668330906787282	0.00374356801536935
CAGE1	83.6500260412392	-0.273435057673616	0.225072525839118
CALM2	-21.8691927082603	0.066256129228597	0.767783591607221
CALM3	-25.9801822916152	0.0991561373207776	0.658675295530054
CALML4	-9.99136284760268	0.0921597394009119	0.681359362522251
CALR	18.2638454864476	-0.124050103251157	0.580640102477699
CALR3	8.66831597249996	-0.0286826136998246	0.898263444571529
CALU	16.3014409720736	-0.117884848021066	0.599553054908239
CAMK1	8.94457465282268	-0.0775862825413629	0.729543453090291
CAMK1G	-16.5414236107394	0.0518006711222202	0.817409045059032
CAMK2A	-1.43384548634315	0.00516353096075893	0.981635850368946
CAMK2B	-21.4784809028434	0.0155070791255928	0.944888697714895
CAMK2D	3.63295138935424	-0.0231082396592319	0.917955845072822
CAMK2G	-1503.66574652925	0.420044822477798	0.0640496325232132
CAMK4	-38.5479253477298	0.0896105055269047	0.689699556769942
CAMKK1	133.17543402823	-0.420183683407529	0.0639636603427361
CAMKK2	163.300946180562	-0.480733539459723	0.0346614656663427
CAMKV	-13.4214670130523	0.184378371860177	0.412132996850138
CAPG	12.621579861761	-0.110484183969497	0.622623987415444
CARD8	31.4186371527193	-0.272542759486051	0.226575209042068
CARD9	-654.651059029581	0.143486248526213	0.522955779926007
CARHSP1	77.3470312505937	-0.462142492885138	0.0420745779778096
CASP1	32.1723958329586	-0.41318498406756	0.0684193990433945
CASP10	7.2848177085313	-0.116206065876315	0.604751850799288
CASP3	-12.0071701395829	0.0510543385616931	0.819993481399058
CASP4	-35.9986111125311	0.369785216821634	0.102201768534774
CASP6	-126.400572914448	0.168840698969826	0.452475821025399
CASP9	-23.7620920144791	0.291756260777051	0.195806401325824
CASS4	191.434921873917	-0.206130498156087	0.359452766491312
CBFA2T3	1245.97159722012	-0.389376033388485	0.0855662044289424
CBFB	-74.0999131944582	0.182661013182303	0.41648226786053
CBLC	29.9492361112704	-0.24472575108696	0.277127268972984
CBX5	-219.515121528437	0.277372645027161	0.218528041547758
CCDC110	-18.9026302078234	0.047856936967695	0.831087827608244
CCDC183	-6.3640625001979	0.00937393265094166	0.966668401914614
CCDC33	-73.1601822916353	0.234229572275414	0.298101156284972
CCDC36	-57.6384201386248	0.271482198470288	0.228370728654505
CCM2	76.9920052081049	-0.138793215295151	0.536605149866496
CCNA1	19.8651041658863	-0.173409429521926	0.440382976017312
CCNA2	20.7789670143851	-0.151403340524441	0.500348108289974
CCNB1	397.155173610199	-0.244230920233373	0.278092452549627
CCNB1IP1	2.10902777791669	-0.0191445728177724	0.931990167932489
CCND1	44.9838802086785	-0.256782588125821	0.254326883072934
CCND2	-53.116935765053	0.401767066169428	0.0762454307358466
CCNH	-154.538619792021	0.567816777595368	0.0130945910243638
CCNI	-64.7206857633127	0.346358060427615	0.125439362669537
CCR5	-38.5936371534581	0.438151777150101	0.0536300171409805
CCT3	-48.9427343750834	0.351845702247803	0.119650406777541
CCT5	-11.8456423611456	0.0995671909435038	0.657352203771347
CD276	28.5892708337812	-0.136899597717826	0.542163892119862
CD5L	137.530755207541	-0.593870199729063	0.00958802624942968
CD96	-33.9459548607082	0.0640290994341609	0.775371670241897
CDC20	-107.559322917865	0.490809770469841	0.0311400542528386
CDC25A	-72.4934722221143	0.303910514333126	0.178022532550525
CDC25C	-38.7369791663331	0.274921862289889	0.222584800010728
CDC42	-22.139782987	0.111504502397454	0.619419975901355
CDH19	115.672960069416	-0.637831547718422	0.00555111315800697
CDK1	-10.5109201385199	0.0422245739990023	0.850713366715287
CDK10	-6.01816840224046	0.0322079933769804	0.885841548673935
CDK11B	127.890243055855	-0.166163718998692	0.459649415368379
CDK14	-132.719010417376	0.217914644091915	0.332799254665349
CDK16	-592.637873264219	0.471314550231725	0.0382617035608377
CDK17	-26.953211805177	0.176554754319097	0.432168630749033
CDK18	-44.9684027782079	0.331293654043677	0.142478049847113
CDK19	-81.5679079855091	0.0500304271447468	0.823542370280155
CDK2	173.952005208167	-0.238646027926715	0.289147752357265
CDK20	-11.194270832583	0.0750281776915269	0.738121455969621
CDK3	146.89178819548	-0.619842021786269	0.00696379559194032
CDK4	-25.1142621522912	0.169939968076479	0.449548846774492
CDK5	60.748220486489	-0.18443225859617	0.411996972475342
CDK5R1	7.40133680498975	-0.105168782398529	0.639432397218242
CDK7	-69.6663628473022	0.352156058861793	0.119329489659439
CDK8	-20.0346874994268	0.112396346866605	0.616625419201609
CDK9	-54.709149304802	0.357020565938563	0.114388759609433
CDKN1A	48.7437065959998	-0.191665692293433	0.393985158485134
CDKN2A	83.8936024303853	-0.235777391511762	0.294942035783436
CDKN2B	49.971319444458	-0.297069685368719	0.187874957873868
CDKN2C	17.7065625002707	-0.149305372642432	0.506287076577592
CDKN2D	-166.126059027395	0.186881505800257	0.405843116595591
CDO1	-19.5037065974281	0.167839777063957	0.45515045124316
CEACAM1	24.8459288198965	-0.145018419931572	0.518539226251176
CEACAM7	107.228836805791	-0.457917578490266	0.0439384175374484
CEACAM8	150.705842014021	-0.44464020585498	0.0502650742131385
CEBPG	-12.5356336793124	0.0852542648588591	0.704040480533513
CEP55	241.056414930364	-0.71369803967862	0.00203880281694488
CERS2	-79.8816059021462	0.451880801951898	0.0467246172416775
CFL1	-28.5347656247081	0.228656254958861	0.309666685480861
CHEK1	-314.939166665876	0.27361235197921	0.224774817761421
CHEK2	108.584999999907	-0.13646101029152	0.543455535236901
CHI3L1	-18.1365190966147	0.179162306322908	0.425427822437613
CHIC2	2.64684027710632	-0.0315675473400851	0.888096169188865
CHMP3	1.15612847334298	-0.00729265151058556	0.974065933652347
CHN1	-22.8021093754376	0.12372770156694	0.581622033100878
CHST4	-11.4839322912189	0.129916711475438	0.562912042965579
CIDEB	-217.747612847541	0.373762522153541	0.0986271661979788
CIDEC	3.55581597204096	-0.0275759636774336	0.902168191531621
CISH	-55.4859635415005	0.367180610321463	0.104599095206427
CITED1	-261.725425347126	0.234167525937105	0.298228272259888
CKB	75.1742361120423	-0.115733115570612	0.60622018019755
CKM	47.3499045136461	-0.396735397948926	0.0799233063527038
CKMT2	57.9555555560627	-0.276640711547139	0.219733893554707
CKS1B	-218.981067708114	0.421386218102173	0.0632231970341802
CLK1	-34.2912326385625	0.13721091577999	0.541248006184953
CLK2	-16.2603125001978	0.188506819416376	0.401790493740198
CLK3	189.133975693354	-0.155572012376868	0.48865999311413
CLUAP1	39.2770225706257	-0.351630740512607	0.119873086694339
CMC4	6.63916666709377	-0.0661786333126218	0.768047264781703
CMPK1	9.4479513891459	-0.0898196833580098	0.689013734443113
CNN1	218.770885414219	-0.247044796169923	0.272634912711737
CNOT2	-19.4278211803019	0.0302279323562665	0.892815101614273
CNOT8	42.5184635411357	-0.160108472830999	0.476112994278823
CNOT9	176.280434027406	-0.258827066492436	0.250596425147981
CNRIP1	47.7873958330105	-0.170673948055942	0.447600619452154
COL4A3BP	-10.1393923612919	0.0185838403556619	0.933977422470718
COMMD3	290.484114583523	-0.547374977156675	0.016614059043796
COPG2	-15.6192187485937	0.0714368456452447	0.750220216356879
COPS6	-81.8447569438451	0.070403369178786	0.753713662358211
COQ8A	-72.7218402765633	0.410102029692962	0.0704631488220706
COQ8B	-54.1825607628954	0.150925284105309	0.501698078368958
COTL1	15.9336024305619	-0.121963875906123	0.587008029850455
COX6B2	7.97933159749974	-0.0794938393367477	0.723169222230175
COX6C	-7.01912326406235	0.0865459275588083	0.699776789617083
CPA4	-6.04104166751036	0.0963404673552577	0.667767439127089
CPM	35.5601649312082	-0.16885026298494	0.452450308113624
CPXCR1	-8.61661458327917	0.0899012876249859	0.688746252642727
CRADD	597.822057292459	-0.577414297558974	0.0116867320979198
CREB1	-7.2098524305938	0.0827022469853603	0.712492338625092
CREB5	-9.61184027869743	0.0842396108300472	0.707396455697847
CRISP2	424.5666145835	-0.301333137236148	0.181687533966064
CROT	-64.4814670143647	0.285738354881745	0.205088525272766
CRX	-94.5042795141458	0.263384418385608	0.242421418483229
CRYAB	1197.93782118107	-0.324117450616998	0.151207638391539
CSAG1	-20.1740104172021	0.211031493786248	0.348205697188617
CSAG2	-21.1073958332283	0.167159469887537	0.456973513733359
CSK	106.494374998562	-0.185301825859077	0.409805709602583
CSNK1D	-32.4769357643125	0.305504784710567	0.175783741676279
CSNK1G1	-33.7703298611564	0.262013627899215	0.24485999550916
CSNK1G2	-76.2022309025204	0.4045967348826	0.0742396485435921
CSNK2A1	-834.578428818842	0.568885971671406	0.0129305145348028
CSNK2A2	-218.98503472249	0.525388689373412	0.0213234264692816
CSRNP1	54.5149652781148	-0.352519744979624	0.118954303620311
CST4	21.9001215272911	-0.183202702437488	0.415107449221837
CSTB	16.0271267363126	-0.146449222719918	0.514432682606461
CT45A1	-55.7864062504897	0.380947196977182	0.0924282133800487
CT47A1	735.809678820414	-0.398185790577485	0.0788483703616135
CT55	46.9226302080518	-0.279746311457314	0.214650806269192
CT62	163.417317707709	-0.348470009823364	0.123185643470059
CT83	27.6181770833332	-0.266768685555969	0.236475636594892
CTAG1A	708.154131945	-0.227998071010678	0.311052212026909
CTAG2	107.356432291199	-0.265502419156981	0.238687902810368
CTAGE1	22.2694010421357	-0.166958754569027	0.45751218117219
CTAGE5	14.1839062488645	-0.0941165009616904	0.67498428487146
CTBP2	202.685633680063	-0.351073829958935	0.120451532100402
CTCFL	1.50284722242758	-0.00886814561627977	0.968465884926124
CTNNA2	31.7648784719263	-0.076297286043671	0.733861566616925
CTNNB1	-96.7327690969371	0.146355591682222	0.514700884884502
CTNNBL1	68.4338368062186	-0.451545073010361	0.0468839214555849
CTSD	67.8353906253544	-0.440342051387853	0.0524732927645055
CTSE	63.2547222217922	-0.350395829425906	0.121158753627006
CTTN	-41.8860156254895	0.279079446540871	0.215734947171683
CUL4A	11.0769531255106	-0.0815050484272612	0.716469775509022
CUL5	3.34097222161446	-0.0400352926981281	0.858367985885761
CWC27	196.97882812449	-0.41209671758558	0.069135087126498
CXCR2	10.6358333336251	-0.102059470639969	0.649353647389863
CXCR4	6.69131944403127	-0.0691883715050497	0.757827278141754
CXCR6	-15.5926388884688	0.236013289603011	0.294462579685859
CXXC1	-131.846197915584	0.721367273846648	0.00183517564842882
CYCS	21.7680815967511	-0.120711984726423	0.590845020805018
CYLD	-28.105425347802	0.332109705337583	0.141510844052355
CYP1B1	-30.7351475689062	0.244417572080696	0.277728108457255
DAPK1	-3.29934895967712	0.0171556494864255	0.939040844098141
DAPK2	-12.4432812505112	0.0953059047043255	0.67112078654695
DBNL	-86.1311545126252	0.0791816480359046	0.72421110576711
DCAF12	-78.7839236119176	0.298630141389018	0.185592170661117
DCBLD2	-24.8763628471347	0.17508829114268	0.435987145849304
DCDC2	65.882968749729	-0.332205731220841	0.141397370570871
DCLK1	21.1135763896977	-0.16744659223879	0.45620358413809
DCLK2	-127.709418402751	0.268003915748069	0.234331869566822
DCT	92.2473784716143	-0.400834682808986	0.0769161304782758
DDB1	-42.3594878475729	0.641382363670586	0.0053055216534565
DDB2	-20.4784374992605	0.149161661886576	0.506695274565562
DDIT3	-268.798680555874	0.21416362738631	0.34113864067999
DDR1	10.0792361105831	-0.11973824516194	0.593837596726575
DDR1_ext	11.3771093755731	-0.04982670038759	0.824248931064454
DDR1_int	-113.508298610948	0.156097767801389	0.487196604733441
DDX43	-97.3535243052701	0.3418290749683	0.130382748289656
DDX5	-39.9638541673126	0.312589857302615	0.166092656791401
DDX53	300.212543403125	-0.231815269258916	0.303074628872941
DDX55	-7.08491319417648	0.0374797056358623	0.867320507899855
DEDD	17.2300694443122	-0.25160692533769	0.26394619482646
DEK	-10.1144357643958	0.105309924407577	0.638983577127888
DFFA	-37.0237673607709	0.0370463571010566	0.868840333810883
DGKA	-67.1666579871662	0.506502603197226	0.0262783123301435
DGUOK	57.3481336809582	-0.299586172944497	0.184203959309053
DKK1	102.630920139407	-0.32137886472812	0.154646509731351
DKKL1	-11.4044270834061	0.101785285651062	0.650231605658921
DLX1	-94.9150347223749	0.403620436195203	0.0749266642360372
DLX3	-56.4252170154584	0.23069070857269	0.305410317208834
DLX4	-135.232369792	0.526422043784659	0.0210779788730212
DMAP1	-75.7596875006879	0.516053487225893	0.0236582816059143
DMPK	-338.013272569781	0.248017273215537	0.270766266902816
DMRTB1	77.2769270824886	-0.0548766419567275	0.806779063665777
DMRTC2	3.73967013861454	-0.0205856251119403	0.926885042610765
DNAJA1	-111.797074652989	0.235698164337253	0.295103182276616
DNAJA2	181.347586805687	-0.241808467317753	0.28285116846652
DNAJB1	-1.86546006971926	0.0141768331808129	0.949609605403459
DNM1L	-23.2110329858126	0.231860425988944	0.302981092773158
DNM2	66.0026215282605	-0.520331457035681	0.0225616001342719
DNMT3L	377.720104166811	-0.370614122582707	0.101448244708564
DNTT	-26.4836458331348	0.162826757275719	0.468681803465421
DPF2	-23.9726736105206	0.220774174273401	0.32653274021062
DPPA2	-59.2464236102083	0.135520533542005	0.546230499219524
DR1	40.5120052085619	-0.0730142309252269	0.744898277428308
DRD2	-20.8537065971146	0.249832410565009	0.267302401496789
DSTYK	8.63270833345854	-0.073825144405643	0.742167141960804
DTYMK	-15.7705902768442	0.130481053511648	0.561220812969311
DUSP10	-10.445173611207	0.0446917741512645	0.842104220536706
DUSP11	29.2541059028541	-0.229463025325187	0.307974050314876
DUSP12	67.1533420138846	-0.395667929915125	0.0807221752994292
DUSP13	27.834210069833	-0.316959089640641	0.16032378694301
DUSP14	-56.3503385417701	0.506348314693641	0.02632265669635
DUSP18	73.1402864592502	-0.392437518121588	0.0831800949498861
DUSP4	32.9338802081348	-0.350366208413018	0.121189726600543
DUSP6	61.7975954863236	-0.108998503960246	0.627302373785459
DVL2	260.157204861885	-0.303481692394558	0.17862839229167
DXO	6.57372395857275	-0.0901255859052435	0.688011254001919
DYNC1LI2	-4.83373263918767	0.0478032013671143	0.831274579661285
DYRK2	-17.8726562500728	0.18865778225982	0.401415337124388
DYRK3	-53.3779427088335	0.160798517440257	0.474220352731343
DYRK4	26.0228732654275	-0.156443329383943	0.486236083549453
E2F6	61.8718489590323	-0.154214468389676	0.492449725730834
E6	-29.9165277777811	0.210810110684846	0.348708770327617
E7	-475.299001734834	0.374406593233022	0.0980579946544004
EAPP	-92.1866145836563	0.096659773673304	0.666733825443963
ECI2	19.747517362198	-0.171610683654325	0.445121330926929
EEF1A1	-40.0030295129473	0.406957861087055	0.0725998060453144
EEF1A2	-36.4091319440631	0.274814503939004	0.222763757504061
EEF1D	-267.871692707323	0.249816527354437	0.267332576467479
EEF1G	205.267855902646	-0.288163165802787	0.201309959780825
EEF2K	-21.4796093745417	0.296931842488711	0.188077618828318
EFHD2	21.4434895825837	-0.0981949906885368	0.661773264541705
EFS	13.81203993052	-0.0346557672385271	0.877233262818564
EGFR_ext	1.0999826394589	-0.00688542055669765	0.975513647737943
EGFR_int	21.2298177082397	-0.0463760084052391	0.836238150671243
EGR2	-44.4902430555	0.488483495269336	0.0319240066782546
EHF	-240.943680554906	0.419940896946532	0.0641140389622921
EHMT2	7.26071180631205	-0.0476061936462047	0.83195934089406
EIF4A2	-14.2345920131249	0.133078172719735	0.553470181513079
EIF4A3	14.708081596979	-0.146877867316434	0.513205793931798
EIF4E	-122.821562499354	0.559386408085566	0.014455445059779
EIF4EBP1	-71.9048524297503	0.303097558156662	0.179172441674674
ELF1	-371.912638888438	0.230214596373627	0.306402849706194
ELF2	-172.612656250188	0.759446722649391	0.00107714055490309
ELF4	-85.823298611178	0.10523866417952	0.639210162016923
ELF5	-106.833107638635	0.428556932654932	0.0589562075449461
ELK1	-1.85078992963501	0.00164749098500243	0.994140208072026
ELK3	-58.3435069445216	0.451886579098297	0.0467218800398619
ELL3	-36.3212239583844	0.0915169407876743	0.68345868311808
ELMOD1	7.48131944449005	-0.0352283054896388	0.875221865453129
ELMOD3	7.32368055492739	-0.0860243071238113	0.7014974714457
ELOA	-122.823715278845	0.594643450353758	0.009498407372548
ELOVL4	131.162743055428	-0.143607211483418	0.522606384221781
ENO1	46.4046701394058	-0.135732449677904	0.545604596735365
ENO2	-67.4051041662597	0.104415144398509	0.641831179225582
EPAS1	58.7816927080833	-0.286420234657479	0.204020683623879
EPCAM	360.228506943032	-0.444245726407771	0.0504643786289537
EPHA10	-52.7264149297706	0.0845874753983639	0.706245234311716
EPHA2	36.2918663194105	-0.369533564036133	0.10243143196428
EPHA3_ext	0.401883680687491	-0.00438023564852464	0.984421254852995
EPHB3_int	-68.6799652780317	0.332933814682946	0.140539314142611
EPHB4	1.57719618037501	-0.0104142169842716	0.962971957308697
EPPIN	339.756284722437	-0.456461026318843	0.0445972481694792
EPS15	-703.250399304126	0.22849852016645	0.309998349840254
ERBB2	35.600303819333	-0.331427522361952	0.142319031767883
ERBB3_ext	-161.092821181114	0.411965127905668	0.0692220491078591
ERBB3_int	-148.495208333592	0.129036461376382	0.56555498544717
ERCC2	-46.5599131951772	0.45262346203811	0.0463738719919751
ERCC3	-63.2206163198854	0.479244098434847	0.0352103707750859
ERCC5	-5.27739583324991	0.0250630774118844	0.911043571362575
ERG	-5.67983506984297	0.02362199802824	0.916138569559993
ESR2	-148.035625000552	0.816517719921245	0.000469788434062462
ESRRG	32.2657986112405	-0.106719639367201	0.634508214234736
ETNK2	-27.1698784732085	0.256595667477989	0.254669902836018
ETS2	170.416597222073	-0.483592023278635	0.0336288661257346
ETV4	170.678368055719	-0.312572645332044	0.16611569308418
ETV6	-37.3734375011044	0.0869330510290292	0.698500790514634
ETV7	-81.6285937503542	0.294598461986228	0.191533219359058
EWSR1	-12.7486805547603	0.106127169834415	0.636387456187502
EXOSC10	3.89081597270807	-0.0176257302823258	0.937373960374506
EXOSC4	41.1900694426558	-0.213435486109351	0.342773143734931
EXOSC8	-11.9818229167925	0.116157862978032	0.604901427887798
EXT1	-44.6425954866249	0.268315619048113	0.233793126470063
EXT2	2.11697048599989	-0.0213778504109203	0.924079768551753
EZH2	-15.5412586815101	0.0824689537859647	0.713266784554415
EZR	-27.8986805559688	0.231070481763345	0.304620179078925
FADD	187.331458332917	-0.287641719115631	0.202118126867401
FAF1	149.236701389834	-0.27575942268041	0.221192256862512
FAIM	32.6955815969166	-0.235247836043154	0.29602028299325
FAM133A	-70.3296440980625	0.167723627143902	0.455461409763248
FAM46D	-66.7832899299058	0.394354313560742	0.0817143157636554
FAM50B	204.947274305531	-0.341853033525012	0.130356197873602
FANCC	-13.7178125004585	0.110505369322497	0.622557386606953
FAP	-4.23225694451071	0.0273329244393031	0.903026067248791
FAS	17.1011111111459	-0.143660439883747	0.522452675276721
FASTK	-28.8375781240192	0.140479458266802	0.531679873169977
FASTKD1	-19.0410243051874	0.21942053505793	0.329489368452127
FBXO9	-30.8390451386457	0.453420732441197	0.0459998522692812
FEN1	-17.9610763884373	0.0592718602177402	0.791653395335116
FES	-35.5615017368435	0.0752163090185958	0.73748945288356
FGF1	58.5833246531251	-0.178930516552088	0.426024478942894
FGF13	-68.1767534726247	0.340011120858491	0.132409874315634
FGFR1	-4.05679687570836	0.0353617148610805	0.8747532994198
FGFR1_ext	356.416015625053	-0.232773343356428	0.301094302741471
FGFR1_int	-76.157821180353	0.216346174395087	0.336269872954887
FGFR1OP	287.996388889291	-0.369745199730891	0.102238260988374
FGFR2	-0.54178819459367	0.00694064950766382	0.975317302798714
FGFR2_ext	-45.4177777785527	0.181724597741076	0.418865358623896
FGFR2_int	-9.32435763936514	0.0711677493417985	0.751129339512554
FGFR4_ext	69.852092014271	-0.297132001078316	0.187783393286658
FGFR4_int	78.7413802097489	-0.163435012544185	0.46702797023891
FH	39.7374305561769	-0.155603504855229	0.488572268964587
FIP1L1	237.900390625052	-0.164281354509665	0.464732283107446
FKBP1B	-22.9144878477086	0.209544849882475	0.351592987839749
FKBP3	-4.70866319470835	0.08421262637389	0.707485786479739
FKBP5	85.3228124995521	-0.323440622922063	0.152051963607345
FLCN	106.765468749958	-0.298335979363298	0.186020892960557
FLI1	150.218046874833	-0.115862023350835	0.605819809822771
FLT1	-27.4088368060623	0.279101574338103	0.215698909031554
FMNL2	-151.829357638302	0.497991566480159	0.0288250752514392
FMR1NB	-11.6371440967394	0.113974786640811	0.611693315733118
FN3K	-30.6396961801253	0.232648872655257	0.301351084315619
FOLH1	31.2672829859103	-0.224561416059844	0.318354253194278
FOS	-316.757222220479	0.22643914340127	0.314350478103584
FOSL1	-165.243342013958	0.290852156501074	0.197180524476058
FOSL2	-304.536076387521	0.255266873531797	0.257117839874103
FOXA3	-219.319374998687	0.535004078545623	0.0191345970849054
FOXI1	429.282743054876	-0.251167654161236	0.264774233146396
FOXN2	-122.911067707512	0.266365667046377	0.237178132458704
FOXR2	685.773038193261	-0.263340035537616	0.242500099944848
FOXS1	11.9824045129678	-0.0465430150566753	0.835656978053067
FRK	81.1397135416773	-0.44020713423768	0.052543925482228
FSCN1	18.1361371522186	-0.127614599961823	0.569836903252341
FTH1	376.221388889302	-0.430009398447547	0.0581222509051247
FTHL17	762.822638889354	-0.568122217156533	0.0130475284087801
FTSJ3	27.5249565968958	-0.0938773335395098	0.675762223614558
FUS	-28.9777256946773	0.17975706292236	0.423899119964465
FYN	-13.5957204867188	0.250746688420393	0.265569475955451
FZD1	85.3611892368642	-0.420965678363164	0.0634813200579271
G6PD	-95.9910850686358	0.34741791976408	0.1243042964538
GADD45G	2.41078993014672	-0.0162192092428523	0.942362220038379
GAGE1	240.359001736509	-0.145161221187426	0.518128598321696
GAGE2	542.321336802241	-0.297241442843575	0.187622664536477
GALK1	9.14096354270801	-0.0360867301187806	0.872207657035565
GAPDH	47.0680729159698	-0.17869671038093	0.426626829817534
GAS2	47.4127517358338	-0.274589484837743	0.223139186278772
GAS7	33.8417534724893	-0.173030625979807	0.441378383210618
GATA1	-18.5698611114477	0.115945613082445	0.605560255764279
GATA3	-46.0122743054896	0.53076098575358	0.0200745423282728
GATAD2A	-85.5181510421672	0.255095653806669	0.257434471706515
GCLC	-39.596102430312	0.373823503561519	0.0985731613878123
GDF15	8.53014756893763	-0.0885897228221039	0.693050072640696
GEM	-19.3675607640833	0.16556551906995	0.461261260807385
GFAP	744.619887153656	-0.540351000369865	0.0180060837377189
GGPS1	298.600763888907	-0.309654875815623	0.170056306867783
GIPC1	-17.4148263885202	0.0404532843830646	0.856905444499136
GK	54.5169357632808	-0.420682821443851	0.0636554335257148
GK2	104.352404514249	-0.57696273109665	0.0117497750479173
GLRX3	-65.2250347228023	0.236525972022743	0.29342240458468
GLS2	998.781015624929	-0.526025734361742	0.0211718141409467
GMEB1	-440.420486113292	0.280628215396229	0.213223225788494
GMEB2	-249.441935765727	0.0723857696471091	0.747017171572208
GMPS	-25.0610243054123	0.255615921471183	0.25647320884982
GNA15	-17.6306684011147	0.176933398823032	0.431185896971898
GNAI2	-21.2528819443231	0.19131187013596	0.394854745647188
GNAI3	-15.2962934024162	0.106904236247943	0.633923184740597
GNAO1	110.588706596625	-0.242880774016735	0.280737811339609
GNAZ	-87.0885503467709	0.611262499371147	0.00774739158167995
GNB1	-30.8572048610523	0.315137938377474	0.162709283254541
GNB3	-3.00157986138514	0.0290780037724921	0.896868938353578
GNG11	-2.64854166702077	0.0217578479052044	0.92273453461973
GNG2	-65.2917708334788	0.208076858745788	0.354958583869094
GNG3	78.7190538186671	-0.550486376147264	0.0160288256259908
GNG4	1.13184027734379	-0.0102538865105655	0.963541609090495
GNGT2	156.2714930555	-0.346025228114334	0.125797506438514
GOT1	27.517630207916	-0.0865932090804387	0.699620898401883
GP2	143.066996528521	-0.476914825903922	0.0360839400495326
GPA33	42.2689496532289	-0.255601146441564	0.25650047255946
GPAT2	26.5472829856453	-0.229301874829368	0.308311650560064
GPATCH2	-1.64225694486347	0.00796849511551809	0.971663490839499
GPC3	-10.0058246524313	0.0737039989614972	0.742574947430575
GPHN	0.551154514302023	-0.00348890155005694	0.987591079687456
GPX1	-3.06276041616571	0.0181427794407868	0.935540852431565
GRAP2	142.904800346062	-0.432751355683087	0.0565751317367186
GRB10	-410.73860243101	0.397023151772579	0.0797090820382215
GRB2	71.6689149299702	-0.202603043917712	0.367690138472255
GRB7	-266.99885416651	0.331702029991714	0.141993387040702
GRK2	-165.149088541301	0.2243431173304	0.318821919327842
GRK3	-75.973741320053	0.393606478138669	0.0822836268229851
GRK5	-52.1121527771774	0.437412728423113	0.0540251881075829
GRK6	-38.2681944443749	0.430267231808933	0.0579752607627937
GRM3	0.835659722447911	-0.0118683391447742	0.957806399050676
GSK3B	-46.3284982640507	0.131860977698315	0.55709601796698
GSTT1	169.442074651854	-0.139169646223595	0.535503623228491
GTF2A2	-39.0859548609486	0.0827160787249752	0.712446431915806
GTF2B	-118.300972222511	0.239032815509097	0.288372511356261
GTF2E2	-94.4773437491979	0.232090091336761	0.302505674662005
GTF2F1	-308.401059027698	0.535831363464595	0.0189559698521653
GTF2F2	-77.3326736108842	0.407787548358497	0.0720307970590576
GTF2H1	-113.669010417104	0.464682872948395	0.0409870282422835
GTF2H2C	36.5418923620208	-0.239871780800491	0.286695880363937
GTPBP1	-33.0495138892809	0.0941054592093911	0.675020192542008
GUK1	180.530121527812	-0.291043089032523	0.196889733657196
H2AFY	5.05045139019825	-0.0517623307491032	0.817541762922166
HAGH	16.9579774320518	-0.171250261353016	0.446074326410214
HAGHL	498.353350695832	-0.441092927883835	0.0520816655529037
HAND1	5.18763020839631	-0.0283195558376629	0.899544200115671
HBG1	-18.568090276636	0.0954624052877618	0.670613087429411
HCFC2	-10.4955034721661	0.121184459897286	0.58939552389973
HCLS1	-3414.24868055834	0.406880170822696	0.0726532784229359
HDAC1	63.98793402725	-0.104492934669074	0.641583400743709
HDAC3	218.58856770878	-0.447176553489637	0.0489996205867445
HDAC4	-1083.43283854343	0.399870543953162	0.0776148207371253
HES6	257.897942708281	-0.176796071696372	0.431542162986896
HEXIM1	-1251.78531250154	0.46563411655863	0.0405860887829389
HEYL	-111.301961804823	0.451857613945824	0.0467356050622781
HIF1A	-119.763003472709	0.380901956889839	0.0924662251150521
HIF3A	-137.696762151427	0.656306602600317	0.00437882041777484
HINFP	-369.103593750063	0.357758269453728	0.113654033645801
HIPK1	-42.101788196115	0.290988493084792	0.196972850754627
HIPK4	47.2679253485321	-0.116291291903212	0.604487429646998
HIST1H1C	-63.6182465284384	0.371349398305021	0.100783616226794
HIST1H4A	-39.1878298606766	0.246407766592617	0.273863850161805
HK2	14.5272743060214	-0.110986751364897	0.621044905893352
HLX	-1.45802951323988	0.00340349185878231	0.987894830912513
HMG20B	-96.0838628472288	0.248979714514628	0.268925733041094
HMGB2	-149.964531249729	0.28119085454111	0.212316111884106
HMGN5	214.359374999501	-0.124571994996411	0.579052269463206
HNF1B	-125.303645834394	0.492889537751786	0.0304534851711286
HNRNPA2B1	-418.309444444147	0.121682103227408	0.587870624195863
HNRNPUL1	-113.005303820166	0.380023772252446	0.0932066338054689
HOMER2	50.4406423607813	-0.173620564565833	0.439828732469168
HOOK1	-301.07232638751	0.123583989844368	0.582059987094176
HOPX	56.1915798596886	-0.121510444390389	0.588396418325391
HORMAD1	43.846519097323	-0.38349243417665	0.0903101665331497
HOXA1	-297.862699652229	0.415533267420728	0.0668962067416303
HOXA9	-84.8567881954378	0.571565836669535	0.0125273839472935
HOXB13	71.7162934029578	-0.258254160695832	0.251637829297742
HOXB6	-87.7378993049994	0.312633789106291	0.166033870100825
HOXB7	-104.965217014011	0.59310495797938	0.00967747276628248
HOXC10	-107.213315972281	0.547850907030961	0.0165233183955406
HOXC8	21.5134722215002	-0.186553197281284	0.406664745669245
HPCAL1	-16.6105989584065	0.111079207995223	0.62075459785203
HPRT1	-11.1408767357604	0.0441666231864825	0.843935129353452
HRAS	239.170390624687	-0.426605861861852	0.0600923631761046
HRH1	-55.5059982639062	0.571463278419393	0.0125426005639046
HRH2	-31.1782118058228	0.418947546579612	0.0647324091865347
HSBP1	-19.5423263888537	0.0378266770382708	0.866103981060648
HSF1	-169.342630207968	0.176292686296691	0.432849575658749
HSFY1	10.3269531256982	-0.128305523918124	0.567754226127068
HSP90AA1	357.421579860082	-0.0913348159795758	0.684053940558503
HSP90AB1	-1528.27461805684	0.320132651012382	0.156231306014144
HSPA1A	-55.3286979176868	0.503623577934019	0.0271167098506818
HSPA5	-16.900633679364	0.143467040055177	0.523011273920218
HSPB8	253.490685762573	-0.356475202246777	0.114934367975384
HSPB9	95.6680381938326	-0.15934000452039	0.478225692572947
HSPD1	-78.4451041660307	0.226279106848672	0.314690393881617
HSPE1	309.642187499521	-0.233944869498072	0.298684738193245
HTATIP2	-73.9891493050633	0.635216214706062	0.00573864255899072
HTR1D	-36.939071180521	0.28491532662816	0.206382918660545
HTR2B	-30.5500781249894	0.259749043817823	0.248926939478957
HUS1	-54.4135069439895	0.354708885543793	0.116715813070288
ICL_2	-183.894861111663	0.124707379323433	0.578640708281428
ICL_3	-188.03565972198	0.142207625128047	0.526656484496749
ID1	326.000694445521	-0.387756697872588	0.0868509399266819
ID2	31.437421874866	-0.124291721892139	0.579904729862898
IDI1	60.2851909708028	-0.422225071422044	0.0627109575674915
IDO1	-90.483940971572	0.251915879258512	0.263364899703135
IFI16	-76.4966406255208	0.243755425482088	0.279022115655601
IFI35	527.736961805269	-0.269332162644187	0.23204236772913
IFIT1	25.0007986115094	-0.156914222062999	0.484928874710122
IFIT5	-212.29696180548	0.381599367948581	0.0918816646317981
IFITM1	103.588072916219	-0.493673815446281	0.0301980429130199
IGF2	36.7798263894279	-0.196825318295733	0.38143899268622
IGF2BP1	-16.3315104177392	0.0825656996291226	0.712945588023565
IGF2BP3	28.4087413182281	-0.252383689665928	0.262486432010367
IGHG1	-296.722890627398	0.0620251001964345	0.782218587247119
IGSF11	-7.57015625082268	0.0514564645047668	0.818600730782334
IKBKB	-31.8672048607906	0.224652417847243	0.318159433408312
IKBKE	-11.4696093753023	0.137932096971985	0.539129348704699
IKZF1	137.562526042687	-0.03291331752562	0.883359622081253
IKZF3	-108.674539930396	0.335213953915375	0.137878529169251
IL13RA1	198.071475694823	-0.345531139047457	0.126330667233406
IL13RA2	248.656258680104	-0.430609054229691	0.0577808742283586
IL18	-52.1043402783336	0.454676337704216	0.0454160674090127
IL1A	129.142369791781	-0.0985894458567061	0.660501138048571
IL1B	219.293107638802	-0.343578889513058	0.12845486099767
IL1F5	110.276284722426	-0.230934493299832	0.304902951127308
IL1RN	127.315355902395	-0.33944974777201	0.133040841869346
IL21R	-11.3036805548959	0.0657794109318977	0.769406017442845
IL24	105.78476562526	-0.43397961677964	0.0558935109968699
IL37	19.9633246525726	-0.220054710248495	0.32810200425885
ILF2	706.270607640205	-0.183193542640251	0.415130674232717
ILK	-54.6339843758188	0.309042183631093	0.170892783927225
IMP3	-18.6024739581148	0.147986696532181	0.51003926626473
IMPA1	-19.8224392358332	0.0951893533174888	0.671498987056565
IMPDH1	202.688116319532	-0.297561190549759	0.187153668540995
INA	134.687109374791	-0.378498242108752	0.0945043522981776
ING4	-196.464765625457	0.160425134921827	0.475243935829037
INHBA	-82.3332552086142	0.333589004913717	0.139770657467688
INPP1	17.7297482638639	-0.176697267901734	0.431798595959882
INPP5B	-8.58393229118735	0.0341523738768166	0.879002413908376
IP6K1	-102.92486111097	0.419831784280548	0.0641817187042221
IP6K2	-195.470989583375	0.634203692110981	0.00581279494001729
IPMK	-9.66493923603116	0.102787342635814	0.647025363476154
IRAK1	-49.8946440981248	0.313714158996936	0.164593203859269
IRAK4	-11.0370138887188	0.128809479467099	0.566237480654169
IRF4	-161.62026041698	0.366106343016107	0.1056010376115
IRF5	399.215911458405	-0.14671947738414	0.513658964755079
ISG20	-236.28703993101	0.577836906268639	0.011628009147026
IST1	-8.89553819464572	0.0876417125665475	0.69616721943948
ITGB6	40.672404513896	-0.411887006416888	0.0692737195614868
ITGBL1	342.13570312476	-0.42788490538788	0.0593454759695451
ITK	-107.384418402667	0.481017298208916	0.0345577408194225
ITPK1	278.434800348511	-0.516331013440662	0.0235857316652014
ITPKB	-24.7393229164363	0.0286384915998157	0.8984190793074
JADE1	42.1174305568961	-0.176516098437773	0.432269032544849
JAK3	-18.1466666667084	0.197097574522832	0.380783987603708
JUNB	-90.1533680557817	0.377331634185164	0.0955066764070784
JUP	-259.106432291655	0.230170705718656	0.306494456403803
KAT2A	-464.96502604252	0.615962218680556	0.00730870258477012
KAT7	-129.066796876426	0.159865120055429	0.476781462992354
KATNB1	-33.8447048618118	0.491012944952271	0.0310723910217643
KCMF1	422.723776042353	-0.377690265034263	0.0951976290020043
KCNIP3	-55.7361805558851	0.292919268393473	0.194049314710854
KIF9	-82.9734722214902	0.340519505063791	0.131840505507311
KIT	-3.63794270861451	0.0655715434844748	0.770113780086603
KIT_ext	-34.6916927089682	0.181296116223931	0.419958526311123
KIT_int	-64.0500434026768	0.284019482014188	0.207798694035883
KLF10	43.6069791670214	-0.075060237781587	0.738013741437539
KLF12	-278.038359373699	0.356101707221117	0.115309233066321
KLF4	-115.378567708262	0.59837516411536	0.0090765180924293
KLF6	6.57565104171869	-0.0599452164145829	0.789343002341957
KLF7	-24.9693229168124	0.118878028063427	0.596487152627682
KLHL12	69.6767274303118	-0.234612425611814	0.297317610727998
KLK3	83.7929427076667	-0.66604316403557	0.00385743335679593
KRAS	12.3348611101669	-0.0129927995556402	0.95381314281945
KRT14	-4.53076388889578	0.0513774010423395	0.818874518681512
KRT15	748.001501735426	-0.280571400131731	0.213314984366501
KRT19	670.462204856042	-0.182483715180728	0.416932848073794
KRT4	3.38888020817828	-0.0190465599832555	0.932337497880676
KRT8	145.748220485844	-0.261601656363894	0.245596292842632
KXD1	-255.672369791646	0.123068142036421	0.583633298511927
L3MBTL2	-194.365564237656	0.383229375819251	0.0905272124252244
LAD1	-53.0950260424791	0.292606480135729	0.194520715317295
LAMTOR3	151.359288194739	-0.142604733384103	0.52550568104751
LASP1	-25.8779600696873	0.199539725675307	0.374940089615184
LATS1	-51.3873090282597	0.198147511957127	0.378264605055945
LCK	-29.2478211805831	0.135326695641806	0.546803324389757
LCP1	-12.9561979165626	0.072361522810199	0.747098960389875
LDB1	-83.1837152780099	0.434395307551547	0.0556644089915444
LDB2	1157.71958333189	-0.445354047966117	0.0499061261170557
LDHA	55.2626215267603	-0.24173806374221	0.282990306919803
LDHB	67.8677430551461	-0.176210064312641	0.433064387795697
LDHC	35.7937239584475	-0.116188924600163	0.604805039484609
LEF1	162.234487846822	-0.459884778072106	0.0430619170191398
LEMD1	-56.991432291667	0.228365548563332	0.310278131048444
LGALS1	6.17029513910406	-0.0439198411077944	0.84479581858248
LGALS7	51.528255208354	-0.317069956010677	0.160179439607583
LGMN	18.7782118058016	-0.147529752690647	0.511342915627661
LHFP	15.9987673602291	-0.09542346102705	0.670739411088292
LIMK2	-26.5943142355516	0.133234833229686	0.553004371378497
LIMS1	51.4435677089898	-0.0387558663964887	0.862847722337375
LIN28A	51.4365972219583	-0.0761612853355193	0.734317670043786
LIPI	-44.2891406251562	0.248255588585641	0.270309704493324
LMNA	2.657092012886	-0.0187201264616368	0.933494380901421
LMO2	98.3840364577188	-0.247336605847555	0.272073248951935
LNX1	1.11899305451077	-0.0111501869221028	0.96035731883914
LRRFIP2	-97.1059548617701	0.0594588554746974	0.791011596570716
LSM1	53.9305208328334	-0.28297206255943	0.209463105030444
LTA4H	-126.217473958355	0.465810160804982	0.0405122607234872
LTV1	6.71503472244779	-0.0310688644250587	0.889852368362569
LUZP4	-55.4100086807195	0.1558896141029	0.487775691379089
LY6K	92.0089583333542	-0.414057684208341	0.0678499706021936
LY86	179.040711805906	-0.411163235573983	0.069753966971755
LY96	60.630590277334	-0.308927394949405	0.171049847792453
LYL1	-29.0252951389271	0.213401970584475	0.342848500715515
LYN	-25.1332725695938	0.333139797670821	0.140297302519724
LYPD6B	89.9057725687714	-0.362655137781563	0.108872503292071
LZTR1	-7.54989583382247	0.0734749243642354	0.743346270321148
MAEL	-28.1328993062179	0.11232153817259	0.616859612422551
MAFG	-106.778715277699	0.206495873151489	0.358606341848288
MAGEA10	51.1622395838659	-0.216842633758437	0.33516877779769
MAGEA4	176.557031249458	-0.3617808881417	0.109714065707855
MAGEB1	118.165737846124	-0.210711424453596	0.348933177491538
MAGEB2	-766.83458333648	0.360640044240009	0.110820127618654
MAGEB3	-115.62713541723	0.31185911397148	0.167072831738631
MAGEB4	-581.613654512876	0.326776056678359	0.14792629924782
MAGEB5	-35.0034027795109	0.146867001428051	0.51323687563822
MAGEB6	-145.79295138849	0.26844272546129	0.233573694780298
MAGEC1	26.5447656247498	-0.223975210425283	0.319611131288764
MAGEC2	321.228151041333	-0.610301886670017	0.00783996700056297
MAGEC3	46.4687413209064	-0.352000661831544	0.119490088347038
MAK	-80.258689235677	0.366336376010439	0.10538584105638
MAL	119.568203124771	-0.440602004857929	0.0523374283319667
MALL	945.900928819762	-0.410888618572149	0.0699369126049906
MAP2K1	-8.94157986177113	0.0274125452762821	0.902745010227625
MAP2K3	103.782369792406	-0.189622960763731	0.399021848943231
MAP2K5	-73.7155989571778	0.494392144317366	0.0299657290174561
MAP2K6	20.6122656250416	-0.0263001365177792	0.906672859461382
MAP2K7	-45.3873350691663	0.316923556095108	0.160370072604685
MAP3K13	2.11809027800053	-0.0061305289715685	0.978197516072626
MAP3K14	-38.1179513892395	0.463493162225383	0.0414932898293587
MAP3K2	-62.0505468747087	0.464134935385084	0.0412195274708455
MAP3K20	-6.61179687604261	0.0162082630235479	0.94240105035918
MAP3K6	14.1986545142188	-0.0624138888993999	0.780888877292008
MAP3K7	-70.1026388889482	0.583387377050982	0.0108811392268248
MAP4	-39.9520572913645	0.406724665642009	0.0727604076849722
MAP4K3	20.4620312496873	-0.244007776308029	0.278528464203178
MAP4K5	-47.3067795138645	0.42850315887697	0.0589872760114164
MAPK1	590.038880209208	-0.181508336483808	0.419416883832703
MAPK10	35.5973090281358	-0.235679616208163	0.295140917484902
MAPK11	-10.548081596302	0.016091794937427	0.942814214704347
MAPK12	60.8793663185212	-0.291622096298023	0.196009860987986
MAPK13	-24.2935850696572	0.255730498266083	0.256261854980096
MAPK14	-76.7677256954685	0.344776443411974	0.127148503260744
MAPK3	485.619357638282	-0.303745021966056	0.178256162925724
MAPK6	156.277690973917	-0.107558470821196	0.631851645985706
MAPK7	-145.85484375076	0.297398939759501	0.187391542559212
MAPK8_tv1	-38.2921180550941	0.115101081025806	0.608184938564547
MAPK8_tv2	19.932109375416	-0.0635537804890407	0.77699407039785
MAPK9	-143.723342015355	0.169545762969663	0.45059721838431
MAPKAPK3	-49.6076041674794	0.165991641050274	0.460112748549418
MAPKAPK5	-919.317534724106	0.287649364836882	0.202106259715777
MARK2	-37.1241840296247	0.257974022574854	0.252148171237423
MARK3	-24.4239843752708	0.236329463128637	0.293820801688954
MARK4	4.83302083235385	-0.055018337677347	0.806290248635048
MAST1	-9.49117187546924	0.0254590852248576	0.90964411231021
MASTL	-58.357630208823	0.169025492728591	0.45198301292476
MATK	-137.25256944399	0.365530900140256	0.106140922661953
MATN3	458.216336805689	-0.535018462277086	0.0191314785841108
MAX	-304.492335072749	0.0669139998109646	0.765546349843048
MAZ	-345.856779511479	0.283828027646744	0.208102193821956
MCM5	-32.6500086807187	0.396792209696343	0.0798809739222087
MCMBP	-40.1983940970211	0.042105492396581	0.851129362860204
MDM2	55.2464496519459	-0.216807995204233	0.335245525595916
ME2	3.89597222268782	-0.0534444224346869	0.811724152533049
MECP2	-33.1991059024902	0.115182119631142	0.607932858304531
MED16	-44.0356076380835	0.235097394498375	0.296327092436239
MED17	-45.1641579861767	0.238041093719491	0.290363093442686
MED21	78.6345052079783	-0.280550912407763	0.213348079860853
MED22	264.944192707667	-0.416288650748844	0.0664123242416519
MED24	-94.9503211804797	0.314108257430698	0.164070071315863
MED30	-148.141848958332	0.43087556257439	0.0576297004356139
MED4	247.516206597043	-0.23176898312011	0.303170524697742
MEF2A	-9.47642361109357	0.01221625581824	0.956570734854698
MEF2C	83.7386024305315	-0.118124881262512	0.598811416677582
MEIS2	1284.41793403033	-0.297321435150153	0.187505251447824
MEIS3	155.74354166648	-0.30047651208981	0.182918197349503
MEOX2	-147.867378472479	0.394744092982126	0.0814188787282627
METTL3	8.33813368019798	-0.0301972515639531	0.892923223870938
MIF	122.10287326226	-0.185918806390902	0.408255244010772
MITF	-177.672621528062	0.387483787747799	0.0870690143899965
MKNK1	15.5521440959797	-0.0474911723305593	0.832359193184036
MKNK2	-27.5111545137817	0.182537169290078	0.416796970440899
MLANA	33.5822482635422	-0.0291045169858316	0.896775440134966
MLF1	-51.3555208340092	0.32520492295333	0.149858675255888
MLH1	-1615.5193489602	0.24866992475511	0.269517204552379
MLKL	-53.1642708329802	0.534712905116075	0.0191978231257389
MLLT11	35.0722395835523	-0.192177731666575	0.392728815769225
MLLT3	-32.1434809023439	0.351737067827746	0.11976290039026
MLLT6	-454.695407987739	0.453043351859933	0.04617656703799
MLPH	-97.8705815991459	0.0457815767685253	0.838307472603548
MLX	564.355789929772	-0.198278031776441	0.377952148391737
MMP11	38.9809895827396	-0.360169239046675	0.111279187131763
MMP14	50.4344531247917	-0.458981990082645	0.0434622732981366
MMP2	-7.04417534656217	0.0672560341110104	0.764383968585277
MMP24	65.7246180556568	-0.471456609994121	0.0382050835147549
MNAT1	-151.365538195187	0.146656772522853	0.513838428823728
MNDA	-31.6014149308545	0.25082339296039	0.265424449275739
MOB3A	24.0442274301877	-0.172461821402459	0.442875533277526
MOK	-28.6562413190637	0.276767239247914	0.219525093335317
MORC1	-44.6363802086455	0.275761539325774	0.221188745770563
MPP1	92.1436631951452	-0.559433783393567	0.0144474549961855
MPP3	31.377690972521	-0.334649550671102	0.1385334392729
MPP5	-73.9925347225517	0.274126455311676	0.223913170293937
MPZL2	580.814835070709	-0.338772922827056	0.133804725900991
MRPL45	117.691241319573	-0.214786708885456	0.33974401709209
MRPL55	75.379392361832	-0.403204709988029	0.0752208107894969
MRPS26	17.4332552087189	-0.105547775562448	0.638227534733057
MRPS30	-15.7036371517488	0.132718388746425	0.554540694678307
MRT4	-26.5539409720931	0.13403612343378	0.550624905093119
MSC	21.4354600696866	-0.161860088625459	0.471316940051881
MSH2	48.9875260415625	-0.171060656868058	0.44657613620197
MSLN	64.3888888885105	-0.491514240931385	0.0309059942299263
MSN	-77.4202864575522	0.36407962786973	0.107512429406469
MTERF1	-80.9503559034482	0.294001608486373	0.192424724695515
MTMR2	-6.66414930698905	0.0591457256914207	0.792086391308471
MTO1	-23.8739409722298	0.282092195608538	0.210868854116619
MUSK	-0.205329860645871	0.00218995325372526	0.992210834334902
MUTYH	-88.585052082875	0.628047196074509	0.00628294121253083
MX1	1044.88921007087	-0.273820365004444	0.224425893344535
MX2	-15.7069618054999	0.224022892859856	0.319508772354935
MYBL2	-132.049079859709	0.476870390239122	0.0361007866504361
MYC	46.4638368041992	-0.176866527834186	0.431359357805273
MYCBP	-27.5099652766874	0.0160516488275446	0.942956634536103
MYCBPAP	-29.8261024302697	0.274470594786556	0.22333773231249
MYCL	103.651354167031	-0.516985142618391	0.0234155094563214
MYCN	42.1766927073439	-0.157309887485796	0.483832000395609
MYD88	-6.35608506897955	0.063653166696537	0.776654754454999
MYF6	-178.84953993097	0.49498627424224	0.0297747668102735
MYNN	-94.1093836802713	0.150646157879428	0.502487202948521
MYOG	44.0809982632077	-0.162621276680615	0.46924124657454
MYOZ2	-13.4145399306665	0.108330162216249	0.629411979965379
NAB1	-43.9013541661769	0.262965829333279	0.243164216806923
NAE1	20.3791493056042	-0.14623764958765	0.515038830576325
NAGK	17.9753993051147	-0.0993984375919113	0.657895251794418
NAP1L1	15.0622482645923	-0.115949506414213	0.605548167836604
NAP1L3	1810.16514756722	-0.440868369591122	0.0521985241813363
NAP1L4	66.0803559028853	-0.222574341365471	0.322628106776374
NCK1	-143.731232639011	0.320517655824667	0.155740364662927
NCOA4	-27.7070225692806	0.152655320372895	0.496822003515814
NCOA5	151.142413193146	-0.187674675450543	0.403862294703487
NDE1	171.046536457649	-0.0350122302139221	0.875980868704724
NDRG1	-29.0113541666349	0.077361974159898	0.730294258360021
NDRG2	134.198411458094	-0.462214095146362	0.0420435870976234
NDUFAB1	141.158958333708	-0.407182928672406	0.0724450826582126
NDUFV3	-100.803055554738	0.431680960809284	0.0571748829679498
NEDD9	339.044305555376	-0.319580430337241	0.1569375617265
NEK11	-96.1539062506766	0.357454476917517	0.113956139894693
NEK3	120.656085068083	-0.132795617925617	0.554310817430811
NEK7	-82.6942795144276	0.409270170162704	0.071023269639311
NELFE	374.166597222272	-0.340735508486707	0.131599176961812
NEUROD1	-199.267925347312	0.0594515342271474	0.79103672159433
NEUROD4	36.9296961801043	-0.16547382526541	0.461508613349034
NF2	-26.2047743052708	0.194575638779918	0.386878301430954
NFATC4	38.0758420131043	-0.18556459789433	0.409144930393534
NFE2	102.355078127458	-0.0718609960519152	0.748787971826084
NFE2L2	49.3325260424687	-0.14307687416376	0.524139144514853
NFIA	-251.219201388937	0.189549477150641	0.399203768034237
NFIB	269.823185764208	-0.261001457128387	0.246671831167705
NFIL3	-23.5013628476353	0.282496350523571	0.210222281016063
NFKBIA	-16.5742447914375	0.112850172879363	0.61520554178259
NFX1	-49.8827517355207	0.272543509440718	0.22657394301808
NFYA	-78.2761371529779	0.335285126980726	0.1377961159013
NFYB	223.801597223668	-0.36739705469062	0.104398157164967
NHLH1	-689.603350693833	0.54112775595258	0.0178471825682224
NICN1	203.526484375489	-0.557095221622653	0.014846636808338
NIM1K	-46.207239584552	0.205541354346229	0.360820264439044
NKX2.5	-86.6565711789995	0.218882966307346	0.330668419161715
NLK	254.261866320416	-0.191149693998031	0.395253720333244
NLRP2	19.2113020819475	-0.110070923906184	0.623923790234385
NLRP4	43.0398177083431	-0.37322300095327	0.0991060129215154
NME4	164.139939237292	-0.367893383668826	0.103938565556651
NME5	-81.6087239575217	0.199033255606048	0.376147371205713
NME6	-8.86151041710392	0.0860259233668121	0.701492137489995
NME7	908.48228298577	-0.291872091262178	0.195630872003141
NME8	23.2718836800103	-0.140413751427738	0.531871355381943
NMRAL1	27.4806857643848	-0.257507710989774	0.252999305227601
NOL4	-672.793741318854	0.26189322092312	0.245075029735976
NPM1	147.232899307094	-0.219548653652953	0.329208775812469
NPY5R	-23.5484201392402	0.135436054353881	0.546480112842649
NR0B2	-105.725763888708	0.279923028204188	0.214364185074447
NR1D2	-83.5569531231152	0.275247507973623	0.222042617336337
NR1H2	-999.674991319158	0.480691448008857	0.0346768747885366
NR1I2	-50.5488715277186	0.193554685109133	0.389362612626466
NR2C1	-189.291831596499	0.263493239681639	0.242228578649805
NR2C2	-39.79114583351	0.273966273206538	0.224181380137358
NR2E1	-74.8514149297915	0.320157251901503	0.156199900286641
NR2E3	413.475112847125	-0.422717245683171	0.0624120464949499
NR3C1	-154.274965277124	0.350992260075086	0.120536442850712
NR4A1	-6.30968749975063	0.0580303262897081	0.795918177139755
NR4A2	-134.363081596635	0.402376411321853	0.0758097375253033
NR6A1	-188.697222222699	0.39376940446671	0.0821593159942797
NRAS	-4.7791579859169	0.0144811121175435	0.948529585187081
NRBF2	1505.70663194185	-0.5674751705514	0.0131474076051197
NRBP2	-24.7016406254694	0.0959296572955294	0.669098201089039
NRF1	-738.171180554584	0.405419882352152	0.0736644891242465
NRIP1	-83.2013107631252	0.350236448196382	0.121325483741214
NRIP3	76.1559461803036	-0.199909250376791	0.374060789128411
NSF	24.1964496517193	-0.114342975708606	0.610545411698829
NTPCR	-24.7309722228335	0.0961934734598404	0.668243483330511
NTRK3_ext	90.121111111563	-0.546767684703219	0.016730492797966
NUAK2	-81.6804253484065	0.475888952985783	0.036474618836548
NUBP2	324.238732638021	-0.421563913056323	0.0631143956909678
NUCB1	2.47464409690639	-0.0211803549717423	0.924779012316644
NUDT2	86.3437934021778	-0.147980831057827	0.510055989079973
NUF2	-7.23507812499909	0.0554770502138191	0.80470833429228
NUP50	7.8592187500843	-0.0383541210946043	0.864255313799507
NXF2	1.803897569417	-0.0141987788358978	0.949531707407666
NXF2B	-65.5919184034269	0.236735363375927	0.292998296669471
OAS2	-1.52952256878143	0.00875442578617018	0.968870049110447
ODC1	52.8402604171689	-0.106039745451889	0.636664958234355
ODF1	73.068237847666	-0.0985494646766351	0.660630032769328
ODF2	-29.7353038198022	0.17270183161058	0.44224344196441
ODF3	-16.4041666658529	0.141559612928497	0.528537210155576
OGG1	-82.9360763895622	0.433811314064141	0.05598649603361
OIP5	-170.682586805562	0.0757081073475397	0.735838174832269
OLIG3	14.5765798603635	-0.0687265195611719	0.75939281230835
OSBPL9	10.4776562494794	-0.0991367486366252	0.658737730415421
OTOA	36.7703906248443	-0.305467344601105	0.175836071260662
OVOL1	-13.8298003473042	0.15844752240702	0.480685875340533
OXSR1	-109.771692708095	0.462822101713654	0.0417812223067556
P3H4	-305.105251737895	0.0948134793842832	0.672719247117025
P4HB	-10.5416406252712	0.130938299895285	0.559852369323686
PABPC1	-39.5246006948237	0.321300796752627	0.154745421072987
PACSIN3	-682.61432291729	0.216521410025033	0.335880947962437
PAGE1	-47.7856336805522	0.277845849837243	0.217751025632007
PAGE2B	-51.6151736101143	0.232159779428426	0.302361517099598
PAGE5	-17.989175346396	0.146993387092305	0.512875413184266
PAK2	-0.513446180802137	0.00745866981666547	0.973475760007992
PAK4	-43.0176822921148	0.0511941367354895	0.819509228932213
PAK5	25.912482637907	-0.254043551902951	0.259386147646529
PAK6	-79.6687847227502	0.394975398939538	0.0812439762779064
PANK3	22.6836458331973	-0.169055655696068	0.451902603678409
PAPSS2	-362.940711807134	0.334516667882983	0.138687985654468
PASD1	27.649809026501	-0.187567109834862	0.404130577375042
PATZ1	-35.3908940966772	0.290504495710737	0.197710835710611
PAX3	-29.648368054792	0.150190962490006	0.503775530782773
PAX5	12.6436197919682	-0.0550598091771312	0.806147196846369
PAX8	-73.7745312488439	0.317257028759222	0.159936099121795
PBX1	-60.3360503482607	0.376886642906058	0.0958912821442575
PBX3	-157.643862847655	0.47062606737714	0.0385371400101367
PC	-35.2534722214373	0.417504318354456	0.0656397652690753
PCBD1	168.83019965274	-0.156499259761174	0.486080717962366
PCBP2	-81.5252517360526	0.0969961623800277	0.665645612182326
PCGF2	24.1534548614365	-0.0877826104527793	0.695703601256287
PCK2	-27.0010763886143	0.295411766690046	0.190323396699871
PCLAF	13.0674565974374	-0.146132800210353	0.515339359630929
PDCD2L	24.6747222224803	-0.0344245574873528	0.878045761003237
PDCD5	55.6172135414675	-0.137442074900003	0.540568454760303
PDCD6	21.9435243061772	-0.150127111849838	0.503956387639013
PDCL3	-188.719270833968	0.0279903437290994	0.900705789005133
PDE4A	-17.8964670139981	0.118451715772585	0.597802268191935
PDGFB	-6.02451388943114	0.0549539827172987	0.806512247709149
PDGFRA_ext	-61.2422569452718	0.296278003884486	0.189041153059645
PDGFRB	29.8295486112291	-0.375095120000308	0.0974524980453787
PDGFRB_ext	-49.4821354164477	0.128449255908926	0.567321436672453
PDGFRL	16.4838194447288	-0.209749342922383	0.351125796234823
PDIK1L	-52.5497135418442	0.160609419579556	0.474738587307735
PDK1	-112.809852430407	0.243406220024004	0.279706235136834
PDK2	25.5864322916653	-0.088209344010253	0.69430016139053
PDK3	-123.586362846428	0.261544929733094	0.24569780152298
PDK4	326.904157985978	-0.480342461464899	0.0348048639984847
PDPK1	-383.021145833979	0.344800242669357	0.127122648903659
PDXK	65.1537934029271	-0.292412423420747	0.194813606802566
PEBP1	26.9613628479684	-0.24120185778141	0.284051560846464
PELO	-25.6226736111041	0.331258726137548	0.142519562501104
PFKFB3	-729.763315969166	0.595739897276768	0.00937263547118172
PFKFB4	597.351736109958	-0.560058852529262	0.0143424053044228
PFKP	-263.359956597833	0.396539643603937	0.0800693121538441
PFN2	12.8520486113959	-0.198286151398834	0.377932715856128
PHB2	-55.5005815972183	0.296544557280314	0.188647897672048
PHF1	-67.4091319446259	0.43022732011286	0.0579979936993948
PHF11	47.0375520836979	-0.139169187366923	0.535504965245204
PHF5A	-57.7335677086456	0.145949913536516	0.515863788495117
PHF7	-330.164453124489	0.626311269588605	0.00642167559712219
PHIP	1.144713540542	-0.00956426971675106	0.965992019836636
PHKG1	-20.5872309023645	0.0466693738010194	0.835217318343173
PHKG2	-30.5552604176455	0.123325628124536	0.5828477256729
PHLDA1	20.1717187491774	-0.0612983807485239	0.78470580359628
PHLDA2	3.38488715239602	-0.0435312263590691	0.846151552895342
PHTF1	-85.8823871529056	0.250300577528078	0.26641404851007
PI42B	31.614930555458	-0.268641131320572	0.233231471954977
PIAS2	-274.537378473062	0.430844022125987	0.0576475738890131
PIDD1	-5.85675347258336	0.0691803797791113	0.757854359017525
PIK3C3	-50.8801215278229	0.502441682873071	0.0274676449954935
PIK3R1	-156.397647570272	0.238574922831079	0.289290424379652
PIM1	-48.742499999562	0.313404619006162	0.165004989210007
PIM2	10.2988454853857	-0.050426010703763	0.822170832668235
PIN1	-3.20278645834372	0.0226384432012341	0.919618000475735
PIP	186.203142361532	-0.486212332486214	0.0327059683759076
PIP4K2C	40.4979253476981	-0.231485054892438	0.303759218285078
PIP5K1B	-13.0975086808645	0.207925754699409	0.355306186140167
PIR	-82.0619965280202	0.430631034205134	0.0577683936406095
PITRM1	-44.569869791625	0.44064251856263	0.0523162809110763
PITX2	-0.612803820666201	0.00712926854846179	0.974646753121889
PIWIL2	9.59204861129178	-0.0552774730182512	0.805396495726892
PKDCC	136.410147569417	-0.44021702552786	0.0525387443780044
PKLR	-28.5332031247086	0.0431667511480752	0.847423495343357
PKM	-101.112335068781	0.479166849033573	0.0352390447142812
PKMYT1	13.5623524303018	-0.0606194409549902	0.78703152013966
PKNOX1	-70.6218749991879	0.0174794022080142	0.937892802999209
PLAC1	400.086979166397	-0.412659577102212	0.0687641491502868
PLAGL2	-75.4950694445734	0.42255641038141	0.0625095938292109
PLD2	-51.2407899297292	0.515014280193952	0.023931703631107
PLEKHA5	-3.03598958385344	0.0204709538756191	0.927291171694435
PLK1	-59.7268055555826	0.219143008044908	0.330097721990143
PLK2	-16.2322656255412	0.126068401389051	0.574511078139563
PLK4	-50.8722135415622	0.266608768270238	0.236754206478387
PMEL	-75.8220920133959	0.180707976710356	0.421461802539621
PMF1	-91.2638888885726	0.15852424638807	0.480474105125193
PMVK	94.6365625003755	-0.228834099569091	0.309293023462327
PNPT1	-3.45064236197841	0.0154592325564024	0.945058467143983
PO2F2	-296.408003472438	0.330263912377588	0.143705900705594
POLR2I	89.707500000771	-0.255270240973734	0.257111615321907
POMK	5.36669270787505	-0.0841019859391342	0.707852099376778
POTEE	11.7322743058436	-0.132863249373628	0.554109547442122
POTEH	-41.3142100697703	0.187760043443346	0.403649453166135
POU2AF1	217.274079860813	-0.305822361295257	0.175340344770394
POU5F1	-62.3642968744168	0.260938399018372	0.246785024306356
PPARD	19.688932291771	-0.0745712149937267	0.739657314348017
PPARG	-32.3414496528958	0.267867992719921	0.234567077285204
PPIC	55.4377343741457	-0.410172048993135	0.0704161713163335
PPID	-3.65828993117708	0.0264013831289497	0.906315265931346
PPM1A	-48.0416753480522	0.361404903209939	0.110077600943669
PPP1CB	11.9474218751667	-0.0903790771478952	0.687180954997108
PPP1R14A	29.5470833336455	-0.299258632072916	0.184678681883103
PPP1R2P9	-10.8642968754164	0.0144579715635457	0.948611717863465
PPP2CB	-72.8128038187599	0.176201411813949	0.433086887402711
PPP2R1A	-535.069036455114	0.237339639773851	0.291776728611637
PPP2R1B	166.063263889146	-0.315787386378674	0.161855470070991
PPP2R2B	-42.6183420127606	0.380123084520382	0.0931226599159917
PPP2R2C	-56.5985069440417	0.538866086441091	0.0183133721797386
PPP2R5A	21.5284461797089	-0.108614361830767	0.628514531990982
PPP2R5C	-25.8750173615309	0.0965533281893642	0.667078324327484
PPP3CA	-25.4677343761777	0.197089336325345	0.38080379705729
PPP3CC	-78.5661197932597	0.721098427635759	0.00184197947628589
PPP3R1	-12.0331076380417	0.109303419713361	0.62634094318196
PPP4C	121.391831597271	-0.51798858954517	0.0231564974997835
PPP4R1	75.1147222216874	-0.146549716365013	0.514144905092281
PQBP1	-311.318993054896	0.254359686603202	0.258798614978728
PRAME	-67.7552690960213	0.238011119891334	0.290423403240785
PRC1	-57.4060503455623	0.0462384287167951	0.836716987790346
PRCC	753.18051215248	-0.235203303996173	0.296111078751336
PRDM4	-694.234374999832	0.535738170151608	0.0189760175869416
PRDX1	50.9186892360928	-0.110970876099197	0.62109475928829
PRDX6	-9.62308159681231	0.0593276449692354	0.791461917719022
PRELID1	33.6655295138754	-0.241101889279518	0.284249720923113
PRKAA1	-62.7244184043234	0.415550928081743	0.0668848600106223
PRKAA2	-261.283819443947	0.234350817898052	0.297852863665943
PRKACA	-22.5047135415105	0.185411753161905	0.409529202458497
PRKACB	-32.1630121525073	0.367381673510211	0.104412426098016
PRKACG	-21.1348177091145	0.170555767301751	0.447913979728918
PRKAG3	28.571597222333	-0.164170673759128	0.465032138489401
PRKAR1A	829.541866322011	-0.189261447392974	0.399917316878326
PRKCB	-36.1972656245792	0.372821893426132	0.0994632362482288
PRKCH	-26.3226215272272	0.227957234462731	0.311138313155346
PRKCI	-279.281189235792	0.327479130769835	0.147067880834904
PRKCZ	-930.306553817875	0.177234625559488	0.430405037468153
PRKD2	-4.11575520747302	0.0502249594341336	0.822867833595624
PRKD3	32.7330902780625	-0.155550140006295	0.488720924979723
PRKRA	-209.957065971876	0.332219603532837	0.14138098359732
PRKX	-120.98717013925	0.347190724365823	0.124546923261381
PRL	16.6345138882495	-0.0933308509696732	0.677541088837526
PRM1	-259.116197916646	0.319806942394359	0.156647569093544
PRM2	-340.539895834375	0.341534433787159	0.130709613865613
PRPF4	-94.1509635411557	0.397252835764426	0.0795384306341615
PRPS2	25.1583593745732	-0.272344710118346	0.226909722980701
PRSS50	36.3551041661353	-0.224164510826712	0.31920489278485
PRSS54	27.9662413185523	-0.15286089574816	0.496244309315069
PSCA	136.050590277782	-0.61398194239518	0.00749070352130689
PSG1	65.3832465278642	-0.325829957111211	0.149087592282388
PSG11	147.73813368074	-0.518665145680475	0.0229832976319202
PSIP1	-694.030156250063	0.157861631691932	0.482304733494904
PSMA6	82.7290885416258	-0.173578206398741	0.439939892748538
PSMB10	37.5845399301041	-0.182499384565459	0.416893014534694
PSMB3	96.9706944438228	-0.288362975293043	0.201000921419226
PSMB8	45.5813888892189	-0.424841436028827	0.0611357116962031
PSMB9	-85.2063888888222	0.0927489178166738	0.679437366752578
PSMD4	-681.095468749011	0.317730759244053	0.159321154359117
PSMD9	105.858064235385	-0.197657837312883	0.379438301666124
PSME1	226.781085068417	-0.12516181722054	0.577260266647366
PSME2	24.3978385425215	-0.0609639144110172	0.785851278669819
PSME3	180.818862847292	-0.353994871738987	0.117442187571339
PTEN	-39.0560503475522	0.295479547870485	0.190222829068099
PTGDR	-25.7067621526979	0.370823997072097	0.10125817368119
PTGER3	-67.2681944446981	0.564367656783934	0.0136367554262835
PTK2_iso1	-113.705060763656	0.40476774365796	0.0741198523728589
PTK2_iso2	-206.051111112031	0.257359368097776	0.253270494944006
PTK6	21.2994704864888	-0.124365238743804	0.579681067773448
PTK7_ext	-149.46846354327	0.31599351648921	0.1615851978794
PTK7_int	-39.5619531250006	0.0556346141144368	0.804165147654015
PTP4A1	-71.1061458327284	0.165911153567503	0.460329558729417
PTP4A2	-11.1911371528547	0.111612098320606	0.61908253003753
PTP4A3	-25.1844184022607	0.159478926974623	0.477843376056665
PTPA	-55.6707204856452	0.499765420102631	0.0282770903578852
PTPN1	108.134887152677	-0.0505103340116703	0.821878544683527
PTPN11	-17.459513889552	0.178221962876462	0.427851469915624
PTPN2	24.3105902782811	-0.285396723007303	0.205625084581296
PTPN20	143.254644097583	-0.316068029684251	0.161487583724529
PTPN22	-54.3027777791153	0.311506079500873	0.167547955363611
PTPN4	-50.0115017363438	0.331546300280391	0.142178055443399
PTPN6	-37.5528124994171	0.0899876669856726	0.688463162293869
PTRH1	-35.9326041664682	0.0746134982426842	0.739515155174147
PTTG1IP	105.83953125101	-0.302124179462722	0.180556660549745
PXK	-323.27720485975	0.541306575202709	0.0178107792521523
PXN	-4.34613715300965	0.00520679260101307	0.981482017957402
PYCR1	379.872074652209	-0.328587095492419	0.14572299778331
PYGB	-10.2406684025623	0.158728537921261	0.479910481255571
PYGO2	189.372282987645	-0.058959766656854	0.792724872714908
RAB38	36.3293836799675	-0.278768637486603	0.216241609329669
RABEP1	511.853116320772	-0.311716652491442	0.167264436020409
RABL6	-289.376267361156	0.350236970054302	0.121324937522676
RAC1	-37.2837413191765	0.206119671295533	0.359477867408446
RAC2	-29.9472829858012	0.0943380641537074	0.674263923028597
RAD21	-5.54095486067797	0.0410454804217333	0.854834225179842
RAD23A	-29.3677864581975	0.172691884366193	0.442269628589173
RAD23B	40.0627777774267	-0.157857691760306	0.482315630025937
RAD51	-38.578845486698	0.447113561615258	0.0490307158168292
RAD51B	11.7664409728856	-0.0808923916220182	0.71850824216306
RAD51D	848.338298608135	-0.359183489336402	0.112245298841321
RAF1	-69.7944965277917	0.365064564686752	0.106580076905657
RAG1	-37.1251822916459	0.25515829459398	0.257318599882496
RALBP1	-29.0485156254481	0.241797445396969	0.282872947947128
RAN	209.435217014052	-0.106241214898047	0.63602553307019
RAP1GDS1	-38.9881249990522	0.234832756523627	0.296867319443905
RAPGEF4	-32.0239322914477	0.251966956536588	0.263268884889207
RARA	19.2410329857085	-0.0900922131874881	0.688120593406711
RARB	-4.05995659742718	0.0390837166956193	0.861699364729977
RB1	-172.27832465249	0.306256444273514	0.174735659445201
RBKS	63.9269270841465	-0.103506407631689	0.644728703684799
RBM28	-45.0073611121041	0.368082239731827	0.103764119210902
RBM46	226.737170139022	-0.212478646954995	0.344928763896025
RBM6	53.5178645827713	-0.187369030535877	0.40462489731213
RBM7	-47.6672135423017	0.385469789546949	0.0886923055805181
RBMS1	94.1090364590527	-0.407883705654414	0.0719650926869329
RBPJ	4420.40825520991	-0.522934033168048	0.0219166672762137
RCAN1	-2.86031249943741	0.0265887257641975	0.90565364042789
RCC2	-32.3627256942594	0.251400081573192	0.264335873985051
REG3A	29.9571874993333	-0.180459968273518	0.4220966718483
RERG	-3.60298611116673	0.0237597375688017	0.915651430258003
RET	-6.4195486111229	0.0872940530119071	0.697311672489723
RET_ext	12.3997135423338	-0.0419699203346551	0.851603017693296
RET_int	-31.7794010413968	0.140815748669635	0.530700416918164
REXO4	-17.5321527790517	0.103236200334838	0.645591329407622
RFK	-14.3286718755209	0.125159393015442	0.577267626435072
RFX3	-54.1805295137609	0.0542510023452653	0.808938282192171
RGS5	-124.074479166688	0.112827464007559	0.615276555786695
RHOA	-7.44038194418761	0.0659610002534339	0.768787888735047
RHOB	32.6274392363957	-0.298836553960173	0.185291782504508
RHOH	-23.6873524307596	0.113086591182662	0.614466445096527
RHOT2	57.460564234708	-0.504447839980398	0.0268743056359929
RHOXF2	-366.16152777573	0.174499824213654	0.437525009537659
RIDA	36.719592014968	-0.16341108634471	0.467092962672796
RING1	60.1307031245099	-0.0647412456817895	0.772942781866141
RIOK2	-71.7955555568333	0.127740157702651	0.569458153953153
RIOK3	23.0224826380097	-0.0349799497452848	0.876094269655097
RIPK1	-4.08513020717723	0.0185960328140059	0.933934207484972
RIPK2	76.9211631939902	-0.288404221409029	0.200937171447349
RNASEL	-15.6443402779049	0.118052491360421	0.599035037368141
RNF38	-13.0399045141458	0.165538895766827	0.46133307185681
RNF40	15.655685762979	-0.116078137725802	0.605148858231162
RNF6	-19.3632118058542	0.2949218213789	0.191051520747929
RNF7	216.00459201274	-0.516271988702054	0.0236011452120269
RNGTT	9.98445312440657	-0.111621085259151	0.619054348607448
ROPN1	-9.46457465297896	0.0541000406387629	0.809459506748468
RORC	-225.142986109802	0.34974064010576	0.121845322858746
RPA2	475.101024306739	-0.252756807671191	0.261787260618099
RPL10	24.6106423606458	-0.228411555302368	0.310181310551558
RPL10A	-5.94483506918776	0.0596374216642234	0.790398862541936
RPL11	31.9619965280306	-0.250990504229587	0.265108681487525
RPL13A	3.74128472195786	-0.0290310232219231	0.897034617736346
RPL15	-10.5852517366881	0.115873323037362	0.605784720255448
RPL17	-51.2432204852492	0.190213168676867	0.397562551270725
RPL18	22.7640277778224	-0.185415517609579	0.40951973550701
RPL18A	-47.1986024305509	0.208739023117246	0.353437911379609
RPL22	-27.8722829857188	0.192595178797658	0.391706398889117
RPL27A	17.7597916665209	-0.225473482552525	0.316405269896221
RPL30	-36.8020225688438	0.0368665726678259	0.869471013289598
RPL31	16.2081597229174	-0.166928471070667	0.45759348570083
RPL32	-26.0826562505417	0.204376204349292	0.363534547486063
RPL34	23.0256770832294	-0.329672066604168	0.14441534433504
RPL37A	7.46007812503124	-0.106679658136143	0.634634954532897
RPL5	-64.4222743067301	0.44642643996828	0.0493710034897801
RPL7A	30.131796874854	-0.125253087976701	0.576983205142856
RPLP1	357.313081597	-0.544760794693826	0.0171204768410256
RPS15A	21.9868663195418	-0.227859106427494	0.311345275065089
RPS2	-25.6323263888022	0.289208849090241	0.199696545811442
RPS27A	7.90741319345801	-0.0416044424114983	0.852880177404514
RPS6KA1	-81.1811718749584	0.224776574559908	0.317893762841782
RPS6KA2	-36.4150694445104	0.37060669838617	0.101454973668354
RPS6KA3	-32.0267708328955	0.291009728475771	0.196940518795941
RPS6KA4	5.31224826411483	-0.0330568118969882	0.88285482958814
RPS6KA5	-9.74944444443787	0.106634561051536	0.634777925164182
RPS6KA6	-8.16448784736455	0.104612861393459	0.641201488445144
RPS6KB1	-202.222656249375	0.242757035650309	0.280981121960666
RPS6KB2	139.371319442823	-0.112265709323036	0.617034413966089
RPS6KL1	-37.7390277782512	0.188927880338284	0.400744653461971
RPS7	-16.3876649302783	0.164773345562376	0.463400712597782
RRAGC	-8.36124999951947	0.00623419119923765	0.97782894984294
RRAS	-13.9281423604172	0.114575214014253	0.609821863143275
RRAS2	-10.2481944437192	0.0783558064505978	0.72696971401109
RTFDC1	-5.4622222226988	0.00649312989884397	0.976908326591077
RUFY1	195.688376735886	-0.319056180130799	0.157610325400526
RUNX1T1	-27.8968749989898	0.0386028489144229	0.863383796263329
RUVBL1	-47.7105121532717	0.242189454355989	0.282099044374444
RXRB	-245.701675347177	0.339498475206107	0.132985979744977
S100A6	26.5338715272397	-0.108916836165565	0.627559990363985
S100A7	75.9490017356977	-0.426942619599485	0.0598949497504129
S100A8	62.0538541669071	-0.298152313924881	0.186288951712545
S100A9	59.2819097226356	-0.33042376793899	0.143514750402594
S100P	85.965911458907	-0.134139435821945	0.550318488649178
SAGE1	-38.6485937505412	0.229600606153257	0.307686024420308
SAV1	-32.9776909719061	0.333762530929282	0.139567633391464
SBDS	-18.8637065971455	0.18793347342594	0.403217264227002
SCAND1	181.780546873696	-0.103906272122275	0.643453046989806
SCEL	5.2880034720406	-0.0299427892782009	0.8938200530444
SCFD1	1.51407117875004	-0.0166689073029897	0.940767095151832
SCGB1D2	236.481215277333	-0.376213648662108	0.0964753506229284
SCMH1	-35.5157204866552	0.152048418627682	0.498529607677424
SCP2	82.6592881946455	-0.499296722904472	0.028420985297293
SCYL3	89.4748090293534	-0.0809159333042456	0.718429875088257
SDCCAG3	69.6930815976882	-0.300292892050044	0.183182811345438
SDCCAG8	52.0520746540311	-0.050474695735714	0.822002073765249
SDHB	-21.9647309027532	0.201738200216071	0.369727891309999
SDHC	-146.823888889917	0.396555868444071	0.080057202265463
SEC14L2	220.440555555574	-0.689708499433661	0.00282038246375135
SECISBP2	-61.927855903031	0.432018141280686	0.0569853790081956
SEMG1	32.7449826391462	-0.0469955294739681	0.834082716897555
SEPTIN4	1128.19881944251	-0.400192776734099	0.0773807217385914
SEPTIN5	144.627447917448	-0.208424743555256	0.354159135939584
SEPTIN6	-10.3748437501041	0.0859893369274956	0.701612884420266
SEPTIN9	-129.973385417344	0.233800931600844	0.298980076861975
SERPINB5	-159.354739583114	0.374388818994146	0.0980736659496472
SERPINE2	60.45456597201	-0.287485925149578	0.202360052083506
SERPINF2	64.0169097223342	-0.35541254940231	0.116003490903515
SET	34.2963888891771	-0.0503449004691441	0.822452006990036
SFN	27.2601736112607	-0.179296228175704	0.425083317260144
SGK1	-50.7982812500208	0.307832270734942	0.172553836589263
SGK2	-12.6819965271243	0.104461656605063	0.641683023111175
SGK3	-18.2814583332875	0.161014622813719	0.473628490519837
SGO1	-12.0063802085206	0.0778591438714808	0.72863048760525
SGSM3	251.784539930802	-0.463831647038216	0.041348706787724
SH2B1	-57.2760069445104	0.278245284703346	0.217096719481727
SH2D1A	-42.9707204856358	0.0818688213399316	0.715260382134249
SH3BGRL3	22.917769096854	-0.184045118108691	0.412974820342665
SH3GL1	-113.087083333057	0.0639172335966869	0.775753410869486
SH3GLB1	-26.1126128475935	0.225718055584831	0.315884004821671
SHPK	68.2844444451245	-0.231455657342303	0.303820215030577
SIAH1	67.7043142359688	-0.303546511541162	0.178536712581057
SIK2	-60.2645138877497	0.312243943502164	0.166556093798
SIVA1	60.7400954855323	-0.47278815812216	0.0376778957841535
SIX1	-77.3522916659164	0.205043909696085	0.361977500864196
SKAP1	-66.8807378468744	0.0582776926739406	0.795067950754983
SLA	-30.7329427081082	0.350788980277561	0.120748256208847
SLA2	41.3738107651351	-0.273651629365107	0.224708902998588
SLC25A6	10.1668576388122	-0.143464960402093	0.523017282300965
SLCO6A1	-13.2470572910311	0.145789606387487	0.516323702412846
SMAD2	-123.596414930374	0.473507405737126	0.0373957634425981
SMAD4	62.3838541659373	-0.0487013579193326	0.828154420798449
SMAD5	-55.8533593743132	0.395659188877777	0.0807287440781884
SMAD9	-62.9240364564587	0.489908935420434	0.0314416143697258
SMARCD1	-21.3972829849061	0.207089849454344	0.357233070371511
SMN2	-10.0469270833227	0.0776936934568286	0.729184020666785
SNCA	30.4621006953229	-0.270928083392138	0.22931293833253
SNX6	-0.611067708354447	0.00721752782579162	0.974332993429246
SOCS2	-66.3820659727188	0.289470343133646	0.199294588183002
SOCS3	-15.8918402771876	0.210308474204168	0.349850434668117
SOCS5	-41.7885329868226	0.421214791695464	0.0633283098830897
SOCS6	-56.4257899300517	0.497059232670526	0.029116814401498
SOD1	-34.8013541668439	0.165320784127249	0.46192162418193
SOD2	52.0365972218961	-0.159844028073954	0.47683942547512
SORD	-9.15664930575611	0.0655487446855096	0.770191419034247
SOX10	-546.916432289969	0.349065302984499	0.122556246149121
SOX15	-55.2819357636361	0.0997284292432594	0.65683351136849
SOX2	98.0393489608432	-0.0714861086444973	0.750053822981756
SP1	4.07176215379123	-0.0183588625239761	0.934774870027763
SP110	-111.940086804947	0.334419079019049	0.138801570407062
SP2	-162.275086806168	0.615194197924194	0.00737880345608025
SPA17	-43.6318749997817	0.208285143092896	0.354479801882744
SPAG4	59.3755555555935	-0.453547629639898	0.0459405611109207
SPAG9	47.3471701398023	-0.249390291772692	0.268143231834692
SPANXN1	132.400850695459	-0.342622028401703	0.129506281577503
SPANXN2	-659.678168404384	0.18757161060298	0.404119349693681
SPANXN4	-15.6221701391522	0.130925379928907	0.559891013451381
SPARC	9.91353298692711	-0.0763110865318126	0.733815289484398
SPARCL1	-29.3404687492287	0.195332397273618	0.385043238537086
SPATA19	-9.59638020814576	0.100616237401596	0.653980518120236
SPATA25	387.764982638687	-0.492931891523262	0.0304396422122013
SPDEF	781.206753474501	-0.286876198971613	0.203308935847263
SPEG	4.05681423620833	-0.0174652974718841	0.937942816277314
SPG20	-18.6829340275417	0.246483964259292	0.273716649154819
SPIB	-36.0251128472918	0.378374750931373	0.09461004487949
SPIC	6.32421006998937	-0.0261442439332806	0.907223495123217
SPO11	-88.5126475690942	0.26564382852852	0.238440113693041
SQSTM1	294.235460069365	-0.38531087518639	0.0888214425713635
SRM	220.593177083905	-0.189053760678817	0.400432313088112
SRP19	8.39494791700004	-0.0630869794198948	0.778588362169344
SRPK1	-252.092100694427	0.402183308486386	0.0759475849962577
SRPK2	-340.870720486137	0.280835249049861	0.212889105142067
SRPX2	45.8380729161978	-0.513775452807755	0.0242612939001409
SRSF5	-91.5596788200725	0.297554673950421	0.187163218069257
SS18L1	-8.13264756930195	0.123776819434179	0.581472384973283
SSB	876.648229167929	-0.256363231794437	0.255096905028761
SSBP4	-0.88414062474998	0.000904244329643071	0.996783765374673
SSNA1	342.201006945167	-0.287939040653504	0.201657026530171
SSX1	-45.3606770830311	0.320134041636392	0.156229530600207
SSX2	-68.9908072917293	0.198672769427581	0.377008156658129
SSX2b	46.8392534721771	-0.207902819250139	0.355358966362624
SSX3	25.9187847215308	-0.261382809245653	0.245988071087881
SSX4	-46.7583506945104	0.298247378423071	0.186150169266773
SSX4B	5.85731770892785	-0.0415991221844739	0.852898771807851
SSX5	-26.3863975695098	0.238876753024435	0.288685136400982
SSX7	-39.6188541672501	0.214635384554816	0.340082378495359
STAM	-159.905980903886	0.124673408549849	0.578743964464319
STAM2	-104.802465277187	0.0608417353568284	0.786269833600676
STAP1	-14.5862673600622	0.053590258412425	0.811220264204606
STARD7	143.202647570646	-0.202541028167687	0.367836022823453
STAT1	-135.015156250365	0.229691743221382	0.307495328776797
STAT3	41.0404861122704	-0.129093017469131	0.565384993802432
STAT4	-124.5384895835	0.119536203149783	0.594459413254489
STAT5A	-41.677569444302	0.331348745170757	0.142412591954916
STAU1	-138.065451389542	0.329049171659967	0.145164958642644
STIP1	308.088098957657	-0.351045321739882	0.120481202506792
STK10	-324.425815971708	0.509318628629095	0.0254804350647781
STK11	-258.161979166844	0.61972905401312	0.00697362390356033
STK16	34.1860243066671	-0.149574666339931	0.505522646062794
STK17B	-91.2610243049798	0.144181443659539	0.520949411130391
STK24	105.746657985251	-0.0441950929925008	0.843835848866619
STK25	-430.674010415614	0.267678659462799	0.234894992621449
STK26	-40.5079600692503	0.312955670787894	0.165603635416611
STK3	279.807178818303	-0.325904472905587	0.148995871045556
STK32A	62.8406597222398	-0.35138534837441	0.120127693890683
STK32B	-50.7181510417081	0.247067150475472	0.272591857446397
STK32C	57.6082812508548	-0.186539464717092	0.406699134990109
STK33	-347.403654513741	0.270767740918621	0.229586107772056
STK38	147.214210069625	-0.497679316195085	0.0289224953881084
STK38L	135.895651042386	-0.346792971209155	0.124972598725698
STK4	11.5191319444269	-0.147246451103369	0.51215205780658
STKLD1	-7.20530381907122	0.0497356229054424	0.824564851043487
STMN1	68.852031249083	-0.130987014719072	0.559706673227628
STRADA	-6.16975694580212	0.108086391269066	0.630182206712878
STRADB	-58.4150434023549	0.433033610933315	0.0564178738789627
STUB1	-365.381571181656	0.262820258531927	0.243422918128616
STYX	-26.8890364568968	0.0538187865094127	0.810430820804364
STYXL1	21.7409288199045	-0.28196297414109	0.211075893585202
SUB1	362.293923610927	-0.448630637750768	0.0482865040388649
SUCLA2	41.2118315975104	-0.324329094048644	0.15094436725716
SUFU	206.072300347584	-0.468206978983051	0.0395185908042658
SUMO2	-95.0364149306565	0.295326099022835	0.190450559786871
SUPT20H	-12.1195312507816	0.156484319155393	0.486122217881631
SUPT4H1	-3.9675954852285	0.00822942216800709	0.970736034029732
SYCE1	-413.29417534675	0.203087506204051	0.366551765729534
SYCP1	0.0830902768017064	-0.000477276822506944	0.998302408708582
SYK	-44.079019097479	0.448474553505949	0.0483626232194232
TACC1	277.197326388927	-0.0690888719673308	0.758164465269189
TACSTD2	146.728619791614	-0.285795719630708	0.204998531317492
TADA2A	99.2253819448125	-0.524604933282822	0.0215112767653583
TADA3	-30.973967014573	0.279117433020798	0.215673083719672
TAF5L	83.9518836801358	-0.481850099688392	0.0342548786069834
TAF6L	-113.893958333396	0.367100523111484	0.104673524170554
TAF7L	-62.6449826379374	0.0955065460620454	0.670469919292856
TAF9	-157.181944444751	0.15129229476613	0.500661512083937
TAGLN	13.3195920144276	-0.101982847358122	0.649598950237968
TAOK3	-51.4985590268442	0.0808965403399185	0.71849443142343
TARDBP	32.6840451379683	-0.222558564810896	0.322662191359971
TBC1D2	80.9645746534382	-0.164899226736865	0.463060364516344
TBC1D5	23.8264756947919	-0.0978869605944007	0.662767361054465
TBCB	1584.89400173751	-0.395760630515482	0.0806525391948619
TBK1	-47.0514583336557	0.204709667268016	0.362756399900666
TBL1X	-645.905399304867	0.243719196782657	0.279093036396075
TBPL1	-262.100355902031	0.423018555247515	0.0622296463046788
TBX5	-115.014487847135	0.471396476099811	0.0382290419100736
TBX6	-130.084965278135	0.386666673542314	0.0877246412258831
TCEA2	-236.81276909728	0.289637574128935	0.199037843842316
TCEAL1	-1651.66776041702	0.538383271320394	0.0184142893998341
TCF12	-16.7196440972354	0.155566331015735	0.488675819800832
TCF21	-26.9735416678017	0.143967630142799	0.521566057373251
TCF4	-13.4257465275002	0.0508661831808866	0.820645350750045
TCL1A	25.6241145830203	-0.0618430527739107	0.782841437394521
TDP2	-125.502039931114	0.455825897525047	0.0448871800507453
TDRD1	-125.116605902874	0.186880107899892	0.405846612855005
TDRD3	-13.5501909725625	0.22000380084266	0.328213234286581
TDRKH	157.700460069437	-0.156774153361533	0.485317505754666
TEAD2	-68.5644878475636	0.229514881259397	0.307865468407605
TEAD3	-154.544123264386	0.348409088605937	0.123250199706908
TEK	-35.9406857646455	0.283791869904307	0.208159549029905
TERT	4.92012152949997	-0.0261958637399636	0.907041161285776
TEX101	544.127960069291	-0.346573090507025	0.125208410841396
TEX14	14.3729600696041	-0.122406222419268	0.585655075372951
TFAP4	-263.631692708105	0.376269310157884	0.0964269341395336
TFCP2	-524.844739581417	0.474723504390086	0.0369229043607633
TFCP2L1	0.987951388812418	-0.0129010822091734	0.95413881248668
TFDP1	-107.826032986531	0.587969908098505	0.0102975647451295
TFDP2	-29.6355815973642	0.122772400774126	0.584536205271419
TFDP3	-8.99381076287525	0.0331590584881273	0.882495170405943
TFEB	-28.6474305556875	0.241821062295535	0.282826282019921
TFEC	-60.2334548614063	0.156223745594107	0.486846316578429
TFG	183.778871527833	-0.262622440226269	0.243774787043658
TFPT	-132.730052082092	0.199696558029392	0.374566741107018
TFRC	-23.4085329858855	0.237811263660601	0.290825749978153
TGFBR2	50.581866319448	-0.31691841028268	0.160376776344802
TGIF1	-57.4326041670322	0.318625843300731	0.158164233981814
TGIF2	-131.898906252062	0.135868388699184	0.545203286610681
THEG	-5.05758680558651	0.036102071754913	0.872153804617249
THRA	-432.185156250061	0.236125683758628	0.294234329200816
THRB	-14.0136979161976	0.15985112388638	0.476819925165714
THUMPD1	-26.0577951391977	0.25296507489912	0.261397567699871
TIE1_ext	37.2623350692189	-0.410903357366191	0.0699270836626555
TIE1_int	22.6132291676968	-0.166189556488873	0.459579868928094
TIMP3	-29.6310590287912	0.185515709984693	0.409267817330952
TIRAP	88.4588454865001	-0.225268114234338	0.316843421112876
TK1	256.324609374792	-0.274001493147594	0.224122387595895
TKT	385.29456597301	-0.540461316579172	0.0179834396259885
TLK1	104.537977430521	-0.264791203436183	0.239936961974424
TLK2	6.42261284846882	-0.0168433233600227	0.940148488428951
TLX2	-71.662309028249	0.287145096848337	0.202890058404866
TMEFF1	6.80394097299	-0.0639342711997438	0.775695266716137
TMEFF2	119.504878472573	-0.243924062582903	0.27869215872109
TMEM108	9.35339409674004	-0.0724297142012119	0.74686894631379
TNFAIP6	-53.5424739585424	0.292985245898836	0.193949989808716
TNFAIP8	66.6099479165726	-0.316926841475721	0.160365792666959
TNFRSF11B	3.80887152934303	-0.0300386956238506	0.893482023542364
TNIP1	240.400659722501	-0.517443670527948	0.0232968368640061
TNK2	-93.1487413193019	0.29143584866626	0.196292566157339
TOLLIP	-13.2107725695209	0.115290361858692	0.607596232021743
TOM1	11.8198263903225	-0.0312290195904893	0.889288293421912
TP53	-544.550590271937	0.0833561603544399	0.710323203864315
TP53RK	-61.1022048609373	0.35475185652997	0.116672213182134
TP63	272.227864584323	-0.277350380072553	0.218564651197296
TP73	82.8591232639064	-0.302324023630227	0.180271808384735
TPI1	83.4008940967917	-0.333881445157325	0.1394286383298
TPM1	926.24995659626	-0.430434014079506	0.0578803464340577
TPM3	-154.73679687475	0.130881036366169	0.560023656818873
TPM4	247.112638887073	-0.252042381003639	0.263127147382372
TPTE	-21.2449045144791	0.29832375619363	0.186038723581117
TRAF1	318.932769097959	-0.370986090207237	0.101111573387509
TRAF2	-93.2035763885837	0.125075131733052	0.577523468242243
TRAF3IP1	159.927135416678	-0.117444937137312	0.600913360749867
TRAF4	-53.2784461803957	0.332638145612277	0.140887270746036
TRAF5	-23.4448611113329	0.266712315771074	0.23657380366362
TRAF6	-7.90039062494799	0.0747178190603096	0.739164460263208
TRAIP	-0.768741319187436	0.00536018664620091	0.980936575636935
TRIB2	505.618055556667	-0.384868837724722	0.0891814634686039
TRIB3	97.3058506950209	-0.638909938865408	0.0054754426469918
TRIM32	-147.115164930906	0.393504515411703	0.0823615022113142
TRIM37	11.3524913189788	-0.110839900985428	0.621506130553069
TRIP11	-17.5071354159906	0.11398109172367	0.611673650165022
TRMT10C	-15.4679513901567	0.0925315097353027	0.680146340842723
TROVE2	-58.1455642358122	0.255571261171126	0.256555624800139
TSC22D1	297.469809028384	-0.417507206211054	0.0656379390599871
TSC22D4	-150.570972221968	0.304738471966042	0.176857168337483
TSG101	-79.0768663189588	0.686572317474103	0.00294106506720085
TSGA10	-334.495685764208	0.457204584912536	0.044259866370271
TSPY1	345.355746526052	-0.329186308400637	0.144999663086361
TSPY2	144.787291667042	-0.185864372862167	0.408391891483411
TSPY3	-194.772352431	0.160153598067805	0.475989096787963
TSSK1B	-28.621805554438	0.135906758191108	0.545090041785226
TSSK2	-148.905329861771	0.245118290115607	0.276363265529009
TSSK3	27.7045138878321	-0.0967939984914532	0.666299523961579
TSSK6	-111.151354167125	0.690667732809301	0.00278440106124867
TTBK2	-3.50366319385424	0.0436122840816705	0.845868733768118
TTF2	-271.822118054697	0.578562068074148	0.0115278668666934
TTK	-38.3509114586152	0.278970364174335	0.215912667310523
TUBA4A	-41.3089756947492	0.302402214820158	0.180160449563265
TUBB	10.1495659728226	-0.101158323148966	0.652241039520316
TUBGCP3	-13.7591145825421	0.164195127330161	0.464965879639072
TULP2	-106.708585068281	0.344302866331076	0.127663842106998
TWF1	3.54279513923965	-0.0389534960832554	0.862155451495442
TWF2	28.3737499997817	-0.255051907575317	0.257515414594888
TWIST2	-60.798098957093	0.0298407494977139	0.894179721906731
TXN2	107.541814235969	-0.421651158727535	0.0630610335577555
TXNRD1	-49.7863281239998	0.274168102925969	0.223843473612001
TYMS	15.7954861106466	-0.112790567975736	0.615391942973754
TYRO3	18.0099739593543	-0.288757234756302	0.200392169238233
TYRO3_int	-45.5643576381775	0.292415761097459	0.194808566432651
TYRP1	29.5051128467086	-0.249012255902353	0.268863655588129
UBA1	-25.7384635416039	0.214625147272463	0.340105277020544
UBA3	13.758784721573	-0.106639530150947	0.63476217101974
UBE2I	128.53189236125	-0.390765482533953	0.0844763728863752
UBE2Q1	44.2975434035836	-0.118471020307563	0.59774268730645
UBE2V1	23.5709982640932	-0.0999255009890223	0.656199774105379
UBP1	60.7056163188756	-0.153623229596126	0.494105241705149
UCHL3	-15.244635416678	0.099566166202887	0.657355500829048
UCKL1	-264.815390624636	0.392515224930923	0.0831202528606371
UHMK1	47.1064149325512	-0.378803226978471	0.0942437376866213
ULK2	-45.4699739582498	0.349945666125985	0.121630144715304
ULK4	-132.810338541801	0.384389527917943	0.089573194168266
UQCRC1	-24.4216666663859	0.11754968848967	0.600589316534774
USF1	-143.308255208698	0.221044801484744	0.325943748389622
USF2	63.1600868036776	-0.145890809993139	0.516033328656077
USH1C	338.870894098292	-0.239695531062267	0.287047548948359
USP10	-11.1530208334897	0.0596913091402625	0.790213978370706
UTP14A	20.3081076389586	-0.0853004886705449	0.703887734176181
UXT	292.42585069398	-0.478636989923889	0.0354362693516149
VAV1	-20.1170833331357	0.133835823587733	0.551219222465663
VAX2	-115.051892361042	0.398130313585863	0.0788892646512207
VCL	7.94698784734373	-0.0502435141756495	0.822803502374724
VDR	112.74466145751	-0.112548609466591	0.61614887458813
VEGFB	328.488211806458	-0.239493242328488	0.287451538459211
VEGFD	-66.9645312493442	0.184806993018732	0.411051794539864
VGLL1	-222.955407985823	0.506532510335006	0.0262697242778105
VHL	-19.4594444443022	0.193772586203994	0.388831559816319
VIM	609.327890624625	-0.371609302699865	0.100549531822331
VPS45	1.23409722206256	-0.0193496730017381	0.931263393296659
VPS4A	116.86598958324	-0.460934474096058	0.0426004102864116
VPS54	-9.95809895819769	0.102187231984378	0.64894471661831
VPS72	-492.638324653561	0.216993282952128	0.334835122262988
VRK3	3.55309895808371	-0.0355171191318097	0.874207538420811
WAS	-10.2239756938022	0.0988183705652935	0.659763308917654
WDR45B	40.3283506939586	-0.431122986890856	0.0574896519872604
WDR46	-26.8899826390933	0.303078022845702	0.179200143062652
WISP3	5.86110243073957	-0.0780805825878675	0.727889865045257
WT1	-31.6268055550208	0.304814864658359	0.17674993697185
WWOX	-13.0068055556668	0.135861648779279	0.545223180233872
WWTR1	169.25842013802	-0.224194201824652	0.319141207191632
XAGE1A	349.183663194219	-0.30510664525642	0.17634082307951
XAGE2	102.215876736229	-0.343433910846559	0.128613730743951
XAGE4	63.339748264646	-0.0446998306452518	0.842076138780171
XBP1	-33.8843055545726	0.0839919180016803	0.708216585219201
XIAP	-32.4774565963639	0.258039710669343	0.252028437913114
XYLB	38.9404513891983	-0.340978456989369	0.131328161352196
YARS	-8.66481770887524	0.0670568550218838	0.765060800109532
YEATS4	-41.0580902785319	0.184684395161809	0.411360873776588
YTHDF2	-17.0933420146458	0.252616898817298	0.262049276523395
YWHAE	-147.036805555686	0.114715296442924	0.609385618079825
YWHAG	32.743984375145	-0.083579911567089	0.709581533337169
ZAP70	-69.0169357635421	0.405166098342848	0.0738414187951523
ZBTB16	1876.29830729073	-0.354559094270258	0.11686789860618
ZBTB25	-193.793229166709	0.211025866054315	0.348218479874138
ZBTB32	-270.368472223219	0.452514962951421	0.046424972848823
ZBTB7B	-34.7332465270324	0.207711505864585	0.355799422901701
ZC4H2	638.01971354494	-0.173720113044692	0.439567552691957
ZFP36L1	-65.5241579871254	0.2701402909221	0.230657339158202
ZHX2	-349.982439234594	0.202000954957062	0.369108030810983
ZKSCAN1	-202.856883681178	0.55049242312452	0.0160277064456454
ZKSCAN3	318.60940104072	-0.069685795024645	0.756142299267968
ZKSCAN4	-33.1310937508442	0.205768868534757	0.360291773405195
ZKSCAN5	-25.1156684030829	0.0726014651311974	0.746289720930197
ZMAT2	419.280286456427	-0.416446374618516	0.0663116614087346
ZMAT3	-15.3386197918562	0.148857001517173	0.507561218886656
ZMYM2	33.6287065970728	-0.220518298045951	0.327090275968694
ZMYND11	-30.8830468749687	0.432191812368418	0.0568879794531896
ZMYND8	-33.9177517362913	0.210060430537169	0.350415844561591
ZNF136	-34.0800868051347	0.107614870016504	0.631673203671188
ZNF165	-139.483185764635	0.406945909874722	0.0726080296452881
ZNF169	68.1262500000836	-0.251845845904977	0.26349658808819
ZNF174	-276.882118053927	0.344115085408109	0.12786864015971
ZNF19	-19.5327083336251	0.138776026145799	0.53665547713943
ZNF202	-22.1205902782392	0.107997523004923	0.63046309982757
ZNF207	-927.247873264583	0.579813680421423	0.0113568572976955
ZNF256	-51.1627517364472	0.332763769569977	0.140739348451036
ZNF274	-65.9153993057822	0.323896667281228	0.151482658890559
ZNF276	-425.186805556334	0.537515982338377	0.0185968153660154
ZNF277	-127.351944444635	0.449959705891833	0.0476424896889082
ZNF282	-29.317317708687	0.169847254910255	0.449795286597738
ZNF3	-7.24223958348939	0.0751721240154214	0.737637870503377
ZNF323	-111.792864583282	0.292174387725892	0.195173326303841
ZNF331	30.9703385424899	-0.190258091528427	0.397451613338547
ZNF346	-207.705512152104	0.432193144094866	0.0568872331299074
ZNF35	-145.5725347225	0.410503100157233	0.0701944162200091
ZNF354A	1.47534722216882	-0.0231327618344019	0.917869094777521
ZNF37A	-15.330295137906	0.0785905181921364	0.726185323374339
ZNF384	11.0578472223123	-0.0664630843713854	0.767079578902714
ZNF394	-74.1966319437393	0.336178627631105	0.136764796795336
ZNF398	-32.4390017363347	0.220750487670133	0.326584325152498
ZNF41	-64.9050000012601	0.303403428541133	0.178739135664363
ZNF444	-103.479210068885	0.335388234469543	0.137676793538429
ZNF449	-10.80229166625	0.146636145667079	0.513897471059664
ZNF496	87.331354167897	-0.230600848058009	0.305597479300427
ZNF593	333.089331599343	-0.086849636942348	0.698775658751394
ZNF645	-11.8256597224384	0.0975868922003785	0.663736345595147
ZNF70	72.706883680697	-0.20929398006266	0.352166681344703
ZNHIT3	14.744956596967	-0.0656122077284843	0.769975308047348
ZNRD1	78.7039062516031	-0.043845061587641	0.845056660626644
ZSCAN12	175.770364583313	-0.28491049785603	0.206390530771992
ZSCAN16	-322.152013889478	0.550902216623518	0.0159520244433151
ZSCAN18	-92.2928732651253	0.0775161924924892	0.729778030230919
ZSCAN21	-39.081258680354	0.111369719627707	0.619842801392257
ZSCAN26	-318.329184027125	0.390471272681538	0.0847061796496057
ZSCAN9	91.9550781260105	-0.436449081258607	0.0545441707323801
